/*
Navicat MariaDB Data Transfer

Source Database       : manage

Target Server Type    : MariaDB
Target Server Version : 100310
File Encoding         : 65001

Date: 2018-12-05 17:50:41
*/

SET FOREIGN_KEY_CHECKS=0;

-- ----------------------------
-- Table structure for t_sys_config
-- ----------------------------
DROP TABLE IF EXISTS `t_sys_config`;
CREATE TABLE `t_sys_config` (
  `sys_type` varchar(100) NOT NULL,
  `sys_jsondata` varchar(2000) NOT NULL,
  PRIMARY KEY (`sys_type`)
) ENGINE=InnoDB DEFAULT CHARSET=latin1;

-- ----------------------------
-- Records of t_sys_config
-- ----------------------------
INSERT INTO `t_sys_config` VALUES ('LOGIN_RULE', '{\"saovalidate\":\"true\",\"saonumber\":\"1\",\"lenvalidate\":\"true\",\"errornumber\":\"5\",\"againlogin\":\"30\"}');

-- ----------------------------
-- Table structure for t_sys_dictionaries
-- ----------------------------
DROP TABLE IF EXISTS `t_sys_dictionaries`;
CREATE TABLE `t_sys_dictionaries` (
  `d_id` varchar(64) NOT NULL,
  `d_name` varchar(100) NOT NULL,
  `d_identification` varchar(100) NOT NULL,
  `d_description` varchar(1000) DEFAULT NULL,
  `d_update_time` varchar(32) DEFAULT NULL,
  `d_status` int(11) DEFAULT 1,
  PRIMARY KEY (`d_id`)
) ENGINE=InnoDB DEFAULT CHARSET=utf8;

-- ----------------------------
-- Records of t_sys_dictionaries
-- ----------------------------
INSERT INTO `t_sys_dictionaries` VALUES ('0BCA8BF308DF4310A52EF53E12A6412B', '角色类型', 'role_type', '', '2018-11-28 11:26:20', '1');
INSERT INTO `t_sys_dictionaries` VALUES ('34F28BDC3ECF495D8FE358248CACCD71', '用户类型', 'user_type', '用户类型', '2018-11-15 15:53:36', '1');
INSERT INTO `t_sys_dictionaries` VALUES ('3501DEBABC8444B1B3BDAF223F79CCE8', '机构类型', 'dept_type', '机构类型', '2018-11-15 15:38:22', '1');

-- ----------------------------
-- Table structure for t_sys_dictionaries_item
-- ----------------------------
DROP TABLE IF EXISTS `t_sys_dictionaries_item`;
CREATE TABLE `t_sys_dictionaries_item` (
  `di_id` varchar(64) NOT NULL,
  `d_id` varchar(64) NOT NULL,
  `di_name` varchar(100) NOT NULL,
  `di_value` varchar(100) NOT NULL,
  `di_status` int(11) DEFAULT 1,
  PRIMARY KEY (`di_id`)
) ENGINE=InnoDB DEFAULT CHARSET=utf8;

-- ----------------------------
-- Records of t_sys_dictionaries_item
-- ----------------------------
INSERT INTO `t_sys_dictionaries_item` VALUES ('7117BEE31D7648D68C63160600471042', '0BCA8BF308DF4310A52EF53E12A6412B', '高管', '高管', '1');
INSERT INTO `t_sys_dictionaries_item` VALUES ('7613E8A5FA0F4DF988270C9C7808E6AA', '3501DEBABC8444B1B3BDAF223F79CCE8', '集团', '集团', '1');
INSERT INTO `t_sys_dictionaries_item` VALUES ('89C39F3514A04C15877C0F8EA1A10023', '0BCA8BF308DF4310A52EF53E12A6412B', '底层', '底层', '1');
INSERT INTO `t_sys_dictionaries_item` VALUES ('8DD1C6838FD54450973FA4028450B9E0', '3501DEBABC8444B1B3BDAF223F79CCE8', '组', '组', '1');
INSERT INTO `t_sys_dictionaries_item` VALUES ('99D135B9C0BC440B86F99BCF2469E69B', '34F28BDC3ECF495D8FE358248CACCD71', '正式', '正式', '1');
INSERT INTO `t_sys_dictionaries_item` VALUES ('A830D9C32E034DE6887363731593761E', '34F28BDC3ECF495D8FE358248CACCD71', '管理员', '管理员', '1');
INSERT INTO `t_sys_dictionaries_item` VALUES ('B6C699826464486FA3ED1B6BB87C60FF', '34F28BDC3ECF495D8FE358248CACCD71', '外派', '外派', '1');
INSERT INTO `t_sys_dictionaries_item` VALUES ('C0887BC3F5374C4E9EFB0A1361F8886C', '0BCA8BF308DF4310A52EF53E12A6412B', '中层', '中层', '1');
INSERT INTO `t_sys_dictionaries_item` VALUES ('D3FE004AA14B48429915E2AC41271D58', '3501DEBABC8444B1B3BDAF223F79CCE8', '公司', '公司', '1');
INSERT INTO `t_sys_dictionaries_item` VALUES ('D448BE2057B14448A2382E5B52C38B8B', '3501DEBABC8444B1B3BDAF223F79CCE8', '部门', '部门', '1');
INSERT INTO `t_sys_dictionaries_item` VALUES ('FBBFE064190A4E22A3C9AE922A8C336D', '34F28BDC3ECF495D8FE358248CACCD71', '试用期', '试用期', '1');

-- ----------------------------
-- Table structure for t_sys_menu
-- ----------------------------
DROP TABLE IF EXISTS `t_sys_menu`;
CREATE TABLE `t_sys_menu` (
  `m_id` varchar(64) NOT NULL,
  `m_parent_id` varchar(64) DEFAULT NULL,
  `m_name` varchar(100) NOT NULL,
  `m_icon` varchar(30) DEFAULT NULL,
  `m_sort` int(11) NOT NULL,
  `m_url` varchar(100) DEFAULT NULL,
  `m_description` varchar(1000) DEFAULT NULL,
  `m_status` int(11) NOT NULL DEFAULT 1,
  PRIMARY KEY (`m_id`)
) ENGINE=InnoDB DEFAULT CHARSET=utf8;

-- ----------------------------
-- Records of t_sys_menu
-- ----------------------------
INSERT INTO `t_sys_menu` VALUES ('08F63797F0CA46299268C2816FB74AEB', '9D8431FE7288481CA792CA72F5ED9F9A', '404 Error', 'fa fa-eye-slash', '200', 'pages/system/404.html', '找不到页面时跳转的页面', '1');
INSERT INTO `t_sys_menu` VALUES ('0ADAE38220754050A2FD8BC4E77FAB6A', 'D53DE23EDD544D80B0763BA21BDA2C19', '访客统计', 'fa fa-eye', '500', 'pages/monitor/guest.html', '', '1');
INSERT INTO `t_sys_menu` VALUES ('0B3B79641F4B4ACC8BE801EC41FC3006', '5DC2DBA1D08F4BED9795B8A855ABD961', '菜单管理', 'fa fa-tree', '200', 'pages/system/menu.html', '', '1');
INSERT INTO `t_sys_menu` VALUES ('18582F8EBAF24618BA8250CC5819E9CE', '9D8431FE7288481CA792CA72F5ED9F9A', '500 Error', 'fa fa-frown-o', '100', 'pages/system/500.html', '系统发生异常时跳转的页面', '1');
INSERT INTO `t_sys_menu` VALUES ('242431D8DB5B492E964A0A4FCE91B38A', 'D53DE23EDD544D80B0763BA21BDA2C19', '在线用户', 'fa fa-users', '600', 'pages/monitor/online-user.html', '展示在线用户信息', '1');
INSERT INTO `t_sys_menu` VALUES ('3804BFD84B0441EFA0B99C85622C7733', '444CB011FCB04E5B9C7D710117E2A1BA', '机构管理', 'fa fa-bars', '300', 'pages/organization/mechanisms.html', '', '1');
INSERT INTO `t_sys_menu` VALUES ('40B77FA0E56244569B50A2DD2EBCE34C', '5DC2DBA1D08F4BED9795B8A855ABD961', '基础配置', 'fa fa-asterisk', '400', 'pages/system/setting.html', '', '1');
INSERT INTO `t_sys_menu` VALUES ('40CBF110E96945EC8C6696D6BFB09E72', 'D53DE23EDD544D80B0763BA21BDA2C19', '数据监控', 'fa fa-database', '300', 'monitor/druid', '数据监控', '1');
INSERT INTO `t_sys_menu` VALUES ('444CB011FCB04E5B9C7D710117E2A1BA', '', '组织架构', 'fa fa-arrows', '400', '', '', '1');
INSERT INTO `t_sys_menu` VALUES ('4F9BC8DFB3554E5587CB0ECB12087C46', 'D53DE23EDD544D80B0763BA21BDA2C19', '访问日志', 'fa fa-list', '100', 'pages/monitor/accessing-log.html', '展示系统的操作日志', '1');
INSERT INTO `t_sys_menu` VALUES ('51646DCE7D7F42C4B58378C4E1CD02E9', '444CB011FCB04E5B9C7D710117E2A1BA', '用户管理', 'fa fa-users', '100', 'pages/organization/users.html', '', '1');
INSERT INTO `t_sys_menu` VALUES ('5DC2DBA1D08F4BED9795B8A855ABD961', '', '系统设置', 'fa fa-cogs', '300', '', '', '1');
INSERT INTO `t_sys_menu` VALUES ('660A7FD98FCB4B0FAE515853747FDEBF', '444CB011FCB04E5B9C7D710117E2A1BA', '角色管理', 'fa fa-object-group', '200', 'pages/organization/roles.html', '', '1');
INSERT INTO `t_sys_menu` VALUES ('8BCA0A7B231F4F16A77CEC686F787D2B', 'D53DE23EDD544D80B0763BA21BDA2C19', '缓存监控', 'fa fa-cloud', '400', 'pages/monitor/cache.html', '', '1');
INSERT INTO `t_sys_menu` VALUES ('939B2C62A4E74F67A8DA844A6DAD0138', '5DC2DBA1D08F4BED9795B8A855ABD961', '字典管理', 'fa fa-book', '300', 'pages/system/dictionaries.html', '', '1');
INSERT INTO `t_sys_menu` VALUES ('9D8431FE7288481CA792CA72F5ED9F9A', '', '系统异常', 'fa fa-close', '100', '', '', '1');
INSERT INTO `t_sys_menu` VALUES ('C2AA3AE6B81B486A8B8E0F56C7100F23', '', '页面模板', 'fa fa-pagelines', '500', 'pages/template.html', '新增页面时的页面模板', '1');
INSERT INTO `t_sys_menu` VALUES ('CD4178987FF64F589E519296CB5532CF', 'C2AA3AE6B81B486A8B8E0F56C7100F23', '测试', '', '0', '', '', '0');
INSERT INTO `t_sys_menu` VALUES ('D53DE23EDD544D80B0763BA21BDA2C19', '', '系统监控', 'fa fa-dashboard', '200', '', '系统监控', '1');
INSERT INTO `t_sys_menu` VALUES ('F4B43298787E4D8A9D189BA59E985B8B', 'D53DE23EDD544D80B0763BA21BDA2C19', '服务器监控', 'fa fa-tv', '200', 'monitor/server', '', '1');

-- ----------------------------
-- Table structure for t_sys_monitor_log
-- ----------------------------
DROP TABLE IF EXISTS `t_sys_monitor_log`;
CREATE TABLE `t_sys_monitor_log` (
  `ml_id` varchar(64) NOT NULL,
  `client_ip` varchar(15) NOT NULL,
  `operating_system_name` varchar(100) NOT NULL,
  `browser` varchar(100) DEFAULT NULL,
  `ml_agent` varchar(500) DEFAULT NULL,
  `request_uri` varchar(100) NOT NULL,
  `request_method` varchar(100) NOT NULL,
  `request_parameter` varchar(1000) DEFAULT NULL,
  `operation_time` varchar(26) NOT NULL,
  `operation_username` varchar(100) DEFAULT NULL,
  `response_time` varchar(100) NOT NULL,
  `is_error` varchar(5) NOT NULL,
  `error_message` longtext DEFAULT NULL,
  `operation_description` varchar(2000) DEFAULT NULL,
  `device_type` varchar(30) DEFAULT NULL,
  `group_name` varchar(30) DEFAULT NULL,
  `user_account` varchar(50) DEFAULT NULL,
  PRIMARY KEY (`ml_id`)
) ENGINE=InnoDB DEFAULT CHARSET=utf8;

-- ----------------------------
-- Records of t_sys_monitor_log
-- ----------------------------
INSERT INTO `t_sys_monitor_log` VALUES ('01AE0E6EBA734EB79EBBD916FFF9B179', '192.168.0.100', 'Windows 10', 'Chrome', 'Mozilla/5.0 (Windows NT 10.0; WOW64) AppleWebKit/537.36 (KHTML, like Gecko) Chrome/70.0.3538.110 Safari/537.36', '/monitor/queryLog', 'GET', 'pageSize=10&pageNum=21&operationDescription=&operationUsername=&clientIp=&operatingSystemName=&browser=&requestURI=&requestMethod=&operationTime=2018-11-30 00:00 - 2018-11-30 23:59&isError=&_=1543829661571', '2018-12-03 17:35:11', '超级管理员', '118毫秒', 'false', null, '监控管理/查询日志', 'Computer', 'Windows', 'admin');
INSERT INTO `t_sys_monitor_log` VALUES ('046DC3B7725C4DA3B26DBA42B2A3F1FC', '192.168.0.100', 'Windows 10', 'Chrome', 'Mozilla/5.0 (Windows NT 10.0; WOW64) AppleWebKit/537.36 (KHTML, like Gecko) Chrome/70.0.3538.110 Safari/537.36', '/organization/searchOrganization', 'GET', 'name=&personInCharge=&address=&officePhone=&_=1543829458942', '2018-12-03 17:30:59', '超级管理员', '96毫秒', 'false', null, '机构管理/查看机构列表', 'Computer', 'Windows', 'admin');
INSERT INTO `t_sys_monitor_log` VALUES ('05D23487A610484C8F7E7681238A6FE0', '192.168.0.100', 'Windows 10', 'Chrome', 'Mozilla/5.0 (Windows NT 10.0; WOW64) AppleWebKit/537.36 (KHTML, like Gecko) Chrome/70.0.3538.110 Safari/537.36', '/user/getUserById', 'GET', 'id=048C50FDCE9647D58AFF479C4163726A', '2018-12-03 17:07:39', '超级管理员', '99毫秒', 'false', null, '用户管理/查看用户详情', 'Computer', 'Windows', 'admin');
INSERT INTO `t_sys_monitor_log` VALUES ('078CAFF9945B465DB0E83FBB6AE19DEE', '192.168.0.100', 'Windows 10', 'Chrome', 'Mozilla/5.0 (Windows NT 10.0; WOW64) AppleWebKit/537.36 (KHTML, like Gecko) Chrome/70.0.3538.110 Safari/537.36', '/manage/login', 'POST', 'account=admin&password=******', '2018-12-03 17:15:34', '超级管理员', '850毫秒', 'false', null, '登录登出/账号密码登录', 'Computer', 'Windows', 'admin');
INSERT INTO `t_sys_monitor_log` VALUES ('08184A809217492892E72A579A4E1F2B', '192.168.0.100', 'Windows 10', 'Chrome', 'Mozilla/5.0 (Windows NT 10.0; WOW64) AppleWebKit/537.36 (KHTML, like Gecko) Chrome/70.0.3538.110 Safari/537.36', '/user/getUserById', 'GET', 'id=048C50FDCE9647D58AFF479C4163726A', '2018-12-03 12:07:10', '超级管理员', '856毫秒', 'false', null, '用户管理/查看用户详情', 'Computer', 'Windows', 'admin');
INSERT INTO `t_sys_monitor_log` VALUES ('08447B109ACB4EE79ED65B796E5BF805', '192.168.0.100', 'Windows 10', 'Chrome', 'Mozilla/5.0 (Windows NT 10.0; WOW64) AppleWebKit/537.36 (KHTML, like Gecko) Chrome/70.0.3538.110 Safari/537.36', '/manage/login', 'POST', 'account=zhansan&password=******', '2018-12-03 17:09:20', '张三', '698毫秒', 'false', null, '登录登出/账号密码登录', 'Computer', 'Windows', 'zhansan');
INSERT INTO `t_sys_monitor_log` VALUES ('096161E57E5D43CB9F5A4C577F414E9A', '192.168.0.100', 'Windows 10', 'Chrome', 'Mozilla/5.0 (Windows NT 10.0; WOW64) AppleWebKit/537.36 (KHTML, like Gecko) Chrome/70.0.3538.110 Safari/537.36', '/user/updateUser', 'POST', 'id=D50F1B8D614D470E9A1B4B858E9278E6&organizationId=100001&type=正式&account=zhansan&username=张三&sex=男&mailbox=&phone=&officePhone=&description=张三的描述&roleIds=A6995037BEE848A6B6507AF5BC5C7751,AE17FE084EF74E169CCFDF7C12765A95', '2018-12-03 17:15:47', '超级管理员', '147毫秒', 'false', null, '用户管理/修改用户', 'Computer', 'Windows', 'admin');
INSERT INTO `t_sys_monitor_log` VALUES ('0D22FD001504478EA9CBB8FFBF0C1D30', '192.168.0.100', 'Windows 10', 'Chrome', 'Mozilla/5.0 (Windows NT 10.0; WOW64) AppleWebKit/537.36 (KHTML, like Gecko) Chrome/70.0.3538.110 Safari/537.36', '/menu/getRoot', 'GET', 'order=asc&_=1544001975144', '2018-12-05 17:26:15', '超级管理员', '87毫秒', 'false', null, '菜单管理/查看菜单列表', 'Computer', 'Windows', 'admin');
INSERT INTO `t_sys_monitor_log` VALUES ('0DFC49073681499FA7D7E550D7349693', '192.168.0.100', 'Windows 10', 'Chrome', 'Mozilla/5.0 (Windows NT 10.0; WOW64) AppleWebKit/537.36 (KHTML, like Gecko) Chrome/70.0.3538.110 Safari/537.36', '/manage/login', 'POST', 'account=admin&password=******', '2018-12-03 16:54:01', '超级管理员', '756毫秒', 'false', null, '登录登出/账号密码登录', 'Computer', 'Windows', 'admin');
INSERT INTO `t_sys_monitor_log` VALUES ('10AC2BF751FF44BC927E92EE14F40C39', '192.168.0.100', 'Windows 10', 'Chrome', 'Mozilla/5.0 (Windows NT 10.0; WOW64) AppleWebKit/537.36 (KHTML, like Gecko) Chrome/70.0.3538.110 Safari/537.36', '/monitor/onlineUser', 'GET', 'pageSize=10&pageNum=1&userName=&clientIp=&deviceType=&loginTime=2018-12-05 00:00 - 2018-12-05 23:59&_=1544000502871', '2018-12-05 17:01:51', '超级管理员', '93毫秒', 'false', null, '监控管理/查看在线用户', 'Computer', 'Windows', 'admin');
INSERT INTO `t_sys_monitor_log` VALUES ('11C05E5EBA3D4756A0C529452C68A3A8', '192.168.0.100', 'Windows 10', 'Chrome', 'Mozilla/5.0 (Windows NT 10.0; WOW64) AppleWebKit/537.36 (KHTML, like Gecko) Chrome/70.0.3538.110 Safari/537.36', '/user/getUserById', 'GET', 'id=D50F1B8D614D470E9A1B4B858E9278E6', '2018-12-03 17:07:46', '超级管理员', '78毫秒', 'false', null, '用户管理/查看用户详情', 'Computer', 'Windows', 'admin');
INSERT INTO `t_sys_monitor_log` VALUES ('12C6BD0BEBF64193A59A66D7C0644EFB', '192.168.0.100', 'Windows 10', 'Chrome', 'Mozilla/5.0 (Windows NT 10.0; WOW64) AppleWebKit/537.36 (KHTML, like Gecko) Chrome/70.0.3538.110 Safari/537.36', '/monitor/queryLog', 'GET', 'pageSize=10&pageNum=1&operationDescription=&operationUsername=&clientIp=&operatingSystemName=&browser=&requestURI=&requestMethod=&operationTime=&isError=true&_=1543829661563', '2018-12-03 17:34:32', '超级管理员', '184毫秒', 'false', null, '监控管理/查询日志', 'Computer', 'Windows', 'admin');
INSERT INTO `t_sys_monitor_log` VALUES ('14DC7644631241888E842989A21B91B2', '192.168.0.100', 'Windows 10', 'Chrome', 'Mozilla/5.0 (Windows NT 10.0; WOW64) AppleWebKit/537.36 (KHTML, like Gecko) Chrome/70.0.3538.110 Safari/537.36', '/monitor/onlineUser', 'GET', 'pageSize=10&pageNum=1&userName=&clientIp=&deviceType=&loginTime=2018-12-05 00:00 - 2018-12-05 23:59&_=1544000502869', '2018-12-05 17:01:43', '超级管理员', '101毫秒', 'false', null, '监控管理/查看在线用户', 'Computer', 'Windows', 'admin');
INSERT INTO `t_sys_monitor_log` VALUES ('161368BCBC2246A39DBEDAE1B797EB46', '192.168.0.100', 'Windows 10', 'Chrome', 'Mozilla/5.0 (Windows NT 10.0; WOW64) AppleWebKit/537.36 (KHTML, like Gecko) Chrome/70.0.3538.110 Safari/537.36', '/role/queryRoles', 'GET', 'pageSize=10&pageNum=1&name=&_=1543828504476', '2018-12-03 17:15:04', '张三', '404毫秒', 'false', null, '查看角色列表', 'Computer', 'Windows', 'zhansan');
INSERT INTO `t_sys_monitor_log` VALUES ('1809AEEA670845588F5249FF14717F87', '192.168.0.100', 'Windows 10', 'Chrome', 'Mozilla/5.0 (Windows NT 10.0; WOW64) AppleWebKit/537.36 (KHTML, like Gecko) Chrome/70.0.3538.110 Safari/537.36', '/monitor/onlineUser', 'GET', 'pageSize=10&pageNum=1&userName=&clientIp=&deviceType=&loginTime=2018-12-05 00:00 - 2018-12-05 23:59&_=1544000502870', '2018-12-05 17:01:48', '超级管理员', '208毫秒', 'false', null, '监控管理/查看在线用户', 'Computer', 'Windows', 'admin');
INSERT INTO `t_sys_monitor_log` VALUES ('186E8472CD3C4F38810BF9A78971514A', '192.168.0.100', 'Windows 10', 'Chrome', 'Mozilla/5.0 (Windows NT 10.0; WOW64) AppleWebKit/537.36 (KHTML, like Gecko) Chrome/70.0.3538.110 Safari/537.36', '/manage/logout', 'GET', '', '2018-12-03 17:15:32', '张三', '142毫秒', 'false', null, '登录登出/用户登出', 'Computer', 'Windows', 'zhansan');
INSERT INTO `t_sys_monitor_log` VALUES ('18B6EF45638946439293D2122D1A698E', '192.168.0.100', 'Windows 10', 'Chrome', 'Mozilla/5.0 (Windows NT 10.0; WOW64) AppleWebKit/537.36 (KHTML, like Gecko) Chrome/70.0.3538.110 Safari/537.36', '/monitor/guestRecord', 'GET', 'pageSize=10&pageNum=1&userName=&clientIp=&operatingSystemName=&browser=&loginTime=2018-12-04 00:00 - 2018-12-04 23:59&_=1543914407616', '2018-12-04 17:06:47', '超级管理员', '131毫秒', 'false', null, '监控管理/查看访客记录', 'Computer', 'Windows', 'admin');
INSERT INTO `t_sys_monitor_log` VALUES ('1903138C3688462C966D1DCE16EFF1B7', '192.168.0.100', 'Windows 10', 'Chrome', 'Mozilla/5.0 (Windows NT 10.0; WOW64) AppleWebKit/537.36 (KHTML, like Gecko) Chrome/70.0.3538.110 Safari/537.36', '/user/queryUser', 'GET', 'pageSize=10&pageNum=1&organizationId=&organizationName=&roleId=&type=&username=&account=&mailbox=&phone=&officePhone=&status=&createTime=2018-11-30 00:00 - 2018-11-30 23:59&_=1543807365872', '2018-12-03 11:23:12', '超级管理员', '191毫秒', 'false', null, '用户管理/查看用户列表', 'Computer', 'Windows', 'admin');
INSERT INTO `t_sys_monitor_log` VALUES ('19E5D9FE4A634790900E331728438A02', '192.168.0.100', 'Windows 10', 'Chrome', 'Mozilla/5.0 (Windows NT 10.0; WOW64) AppleWebKit/537.36 (KHTML, like Gecko) Chrome/70.0.3538.110 Safari/537.36', '/user/queryUser', 'GET', 'pageSize=10&pageNum=1&organizationId=&organizationName=&username=&account=&mailbox=&phone=&officePhone=&status=&createTime=2018-12-03 00:00 - 2018-12-03 23:59&_=1543807365870', '2018-12-03 11:22:46', '超级管理员', '539毫秒', 'false', null, '用户管理/查看用户列表', 'Computer', 'Windows', 'admin');
INSERT INTO `t_sys_monitor_log` VALUES ('1E9ED17BDA424763ABEAC71C8ADCB602', '192.168.0.100', 'Windows 10', 'Chrome', 'Mozilla/5.0 (Windows NT 10.0; WOW64) AppleWebKit/537.36 (KHTML, like Gecko) Chrome/70.0.3538.110 Safari/537.36', '/user/updateUser', 'POST', 'id=048C50FDCE9647D58AFF479C4163726A&organizationId=100001&type=管理员&account=admin&username=超级管理员&sex=男&mailbox=1319404727@qq.com&phone=13838384388&officePhone=938-236-5632&description=&roleIds=A6995037BEE848A6B6507AF5BC5C7751,AE17FE084EF74E169CCFDF7C12765A95', '2018-12-03 16:54:51', '超级管理员', '172毫秒', 'false', null, '用户管理/修改用户', 'Computer', 'Windows', 'admin');
INSERT INTO `t_sys_monitor_log` VALUES ('1F0735C0BF5A44C0BFD8EA6C67534740', '192.168.0.100', 'Windows 10', 'Chrome', 'Mozilla/5.0 (Windows NT 10.0; WOW64) AppleWebKit/537.36 (KHTML, like Gecko) Chrome/70.0.3538.110 Safari/537.36', '/personal/getUserInfo', 'GET', '', '2018-12-03 10:43:02', '超级管理员', '300毫秒', 'false', null, '个人中心/查看个人信息', 'Computer', 'Windows', 'admin');
INSERT INTO `t_sys_monitor_log` VALUES ('2092711DD2F34B849080A130CA21E5CA', '192.168.0.100', 'Windows 10', 'Chrome', 'Mozilla/5.0 (Windows NT 10.0; WOW64) AppleWebKit/537.36 (KHTML, like Gecko) Chrome/70.0.3538.110 Safari/537.36', '/manage/login', 'POST', 'account=admin&password=******', '2018-12-03 17:18:07', '超级管理员', '937毫秒', 'false', null, '登录登出/账号密码登录', 'Computer', 'Windows', 'admin');
INSERT INTO `t_sys_monitor_log` VALUES ('20A579866FA14E018E98669E483F1BDF', '192.168.0.100', 'Windows 10', 'Chrome', 'Mozilla/5.0 (Windows NT 10.0; WOW64) AppleWebKit/537.36 (KHTML, like Gecko) Chrome/70.0.3538.110 Safari/537.36', '/dictionaries/getAllDictionaries', 'GET', 'order=asc&_=1543809974152', '2018-12-03 12:06:14', '超级管理员', '104毫秒', 'false', null, '字典管理/查看数据字典', 'Computer', 'Windows', 'admin');
INSERT INTO `t_sys_monitor_log` VALUES ('216096031702461681D2FE1ED7F94207', '192.168.0.100', 'Windows 10', 'Chrome', 'Mozilla/5.0 (Windows NT 10.0; WOW64) AppleWebKit/537.36 (KHTML, like Gecko) Chrome/70.0.3538.110 Safari/537.36', '/user/queryUser', 'GET', 'pageSize=10&pageNum=1&organizationId=&organizationName=&username=&account=&mailbox=&phone=&officePhone=&status=&createTime=&_=1543827283955', '2018-12-03 16:54:44', '超级管理员', '288毫秒', 'false', null, '用户管理/查看用户列表', 'Computer', 'Windows', 'admin');
INSERT INTO `t_sys_monitor_log` VALUES ('218054A6469045868C9622D77F2F8ABC', '192.168.0.100', 'Windows 10', 'Chrome', 'Mozilla/5.0 (Windows NT 10.0; WOW64) AppleWebKit/537.36 (KHTML, like Gecko) Chrome/70.0.3538.110 Safari/537.36', '/user/queryUser', 'GET', 'pageSize=10&pageNum=1&organizationId=&organizationName=&username=&account=&mailbox=&phone=&officePhone=&status=&createTime=2018-12-03 00:00 - 2018-12-03 23:59&_=1543807585723', '2018-12-03 11:26:26', '超级管理员', '98毫秒', 'false', null, '用户管理/查看用户列表', 'Computer', 'Windows', 'admin');
INSERT INTO `t_sys_monitor_log` VALUES ('218BFD84EB6C470E8001335B1AD7A5D3', '192.168.0.100', 'Windows 10', 'Chrome', 'Mozilla/5.0 (Windows NT 10.0; WOW64) AppleWebKit/537.36 (KHTML, like Gecko) Chrome/70.0.3538.110 Safari/537.36', '/personal/getUserInfo', 'GET', '', '2018-12-03 11:05:16', '超级管理员', '162毫秒', 'false', null, '个人中心/查看个人信息', 'Computer', 'Windows', 'admin');
INSERT INTO `t_sys_monitor_log` VALUES ('221F6651BA03455E8707D30D88D64EE7', '192.168.0.100', 'Windows 10', 'Chrome', 'Mozilla/5.0 (Windows NT 10.0; WOW64) AppleWebKit/537.36 (KHTML, like Gecko) Chrome/70.0.3538.110 Safari/537.36', '/user/saveUser', 'POST', 'id=&organizationId=100021&type=正式&account=lisi&username=李四&sex=女&mailbox=&phone=&officePhone=&description=&roleIds=F43533B34D2940D1852EF8EEF46795DC', '2018-12-04 16:45:30', '超级管理员', '1秒384毫秒', 'false', null, '用户管理/添加用户', 'Computer', 'Windows', 'admin');
INSERT INTO `t_sys_monitor_log` VALUES ('24144628D43B404B828191C268AD72A3', '192.168.0.100', 'Windows 10', 'Chrome', 'Mozilla/5.0 (Windows NT 10.0; WOW64) AppleWebKit/537.36 (KHTML, like Gecko) Chrome/70.0.3538.110 Safari/537.36', '/manage/logout', 'GET', '', '2018-12-03 17:06:40', '超级管理员', '119毫秒', 'false', null, '登录登出/用户登出', 'Computer', 'Windows', 'admin');
INSERT INTO `t_sys_monitor_log` VALUES ('249B20C5C9964893B3BB1C6F97BEE4D1', '192.168.0.100', 'Windows 10', 'Chrome', 'Mozilla/5.0 (Windows NT 10.0; WOW64) AppleWebKit/537.36 (KHTML, like Gecko) Chrome/70.0.3538.110 Safari/537.36', '/manage/login', 'POST', 'account=zhansan&password=******', '2018-12-03 17:14:53', '张三', '1秒738毫秒', 'false', null, '登录登出/账号密码登录', 'Computer', 'Windows', 'zhansan');
INSERT INTO `t_sys_monitor_log` VALUES ('2A1E47FFBD6A48A5A8B9C8FF6C25FC94', '192.168.0.100', 'Windows 10', 'Chrome', 'Mozilla/5.0 (Windows NT 10.0; WOW64) AppleWebKit/537.36 (KHTML, like Gecko) Chrome/70.0.3538.110 Safari/537.36', '/monitor/server', 'GET', '', '2018-12-05 17:27:12', '超级管理员', '1毫秒', 'false', null, '监控管理/服务器监控', 'Computer', 'Windows', 'admin');
INSERT INTO `t_sys_monitor_log` VALUES ('2D7E850E5D4A4E6B9269ED67288A6050', '192.168.0.100', 'Windows 10', 'Chrome', 'Mozilla/5.0 (Windows NT 10.0; WOW64) AppleWebKit/537.36 (KHTML, like Gecko) Chrome/70.0.3538.110 Safari/537.36', '/personal/getUserLoginRecordsByDay', 'GET', 'day=2018-12-03', '2018-12-03 10:38:45', '超级管理员', '109毫秒', 'false', null, '个人中心/查看登录日志', 'Computer', 'Windows', 'admin');
INSERT INTO `t_sys_monitor_log` VALUES ('2DBCDAE37FB842B5B05FFD8CF8B48695', '192.168.0.100', 'Windows 10', 'Chrome', 'Mozilla/5.0 (Windows NT 10.0; WOW64) AppleWebKit/537.36 (KHTML, like Gecko) Chrome/70.0.3538.110 Safari/537.36', '/monitor/guestRecord', 'GET', 'pageSize=10&pageNum=1&userName=&clientIp=&operatingSystemName=&browser=&loginTime=2018-12-03 00:00 - 2018-12-03 23:59&_=1543823506423', '2018-12-03 15:51:46', '超级管理员', '162毫秒', 'false', null, '监控管理/查看访客记录', 'Computer', 'Windows', 'admin');
INSERT INTO `t_sys_monitor_log` VALUES ('30C7D4AB20E84C35BE585B1B3A0F9B20', '192.168.0.100', 'Windows 10', 'Chrome', 'Mozilla/5.0 (Windows NT 10.0; WOW64) AppleWebKit/537.36 (KHTML, like Gecko) Chrome/70.0.3538.110 Safari/537.36', '/monitor/onlineUser', 'GET', 'pageSize=10&pageNum=1&userName=&clientIp=&deviceType=&loginTime=2018-12-03 00:00 - 2018-12-03 23:59&_=1543829764929', '2018-12-03 17:36:05', '超级管理员', '158毫秒', 'false', null, '监控管理/查看在线用户', 'Computer', 'Windows', 'admin');
INSERT INTO `t_sys_monitor_log` VALUES ('30E6F6D76D3541719E31B34605CE9596', '192.168.0.100', 'Windows 10', 'Chrome', 'Mozilla/5.0 (Windows NT 10.0; WOW64) AppleWebKit/537.36 (KHTML, like Gecko) Chrome/70.0.3538.110 Safari/537.36', '/user/queryUser', 'GET', 'pageSize=10&pageNum=1&organizationId=&organizationName=&username=&account=&mailbox=&phone=&officePhone=&status=&createTime=&_=1543828585135', '2018-12-03 17:16:25', '超级管理员', '141毫秒', 'false', null, '用户管理/查看用户列表', 'Computer', 'Windows', 'admin');
INSERT INTO `t_sys_monitor_log` VALUES ('3110E0F065D242BBAF3E9BF6C9BFD7F6', '192.168.0.100', 'Windows 10', 'Chrome', 'Mozilla/5.0 (Windows NT 10.0; WOW64) AppleWebKit/537.36 (KHTML, like Gecko) Chrome/70.0.3538.110 Safari/537.36', '/menu/getMenuById', 'GET', 'id=444CB011FCB04E5B9C7D710117E2A1BA', '2018-12-05 17:26:40', '超级管理员', '78毫秒', 'false', null, '菜单管理/查看菜单详细信息', 'Computer', 'Windows', 'admin');
INSERT INTO `t_sys_monitor_log` VALUES ('3177241A949148AC81D2B10C609F2945', '192.168.0.100', 'Windows 10', 'Chrome', 'Mozilla/5.0 (Windows NT 10.0; WOW64) AppleWebKit/537.36 (KHTML, like Gecko) Chrome/70.0.3538.110 Safari/537.36', '/user/queryUser', 'GET', 'pageSize=10&pageNum=1&organizationId=&organizationName=&roleId=&type=&username=&account=&mailbox=&phone=&officePhone=&status=&createTime=&_=1543807929369', '2018-12-03 11:32:40', '超级管理员', '101毫秒', 'false', null, '用户管理/查看用户列表', 'Computer', 'Windows', 'admin');
INSERT INTO `t_sys_monitor_log` VALUES ('31FBBBFB936A46D49EA1ACE1CBFA7135', '192.168.0.100', 'Windows 10', 'Chrome', 'Mozilla/5.0 (Windows NT 10.0; WOW64) AppleWebKit/537.36 (KHTML, like Gecko) Chrome/70.0.3538.110 Safari/537.36', '/monitor/queryLog', 'GET', 'pageSize=10&pageNum=2&operationDescription=&operationUsername=&clientIp=&operatingSystemName=&browser=&requestURI=&requestMethod=&operationTime=2018-11-30 00:00 - 2018-11-30 23:59&isError=&_=1543829661565', '2018-12-03 17:35:00', '超级管理员', '140毫秒', 'false', null, '监控管理/查询日志', 'Computer', 'Windows', 'admin');
INSERT INTO `t_sys_monitor_log` VALUES ('32D05EE23BD7441BA45E33A8C31EA663', '192.168.0.100', 'Windows 10', 'Chrome', 'Mozilla/5.0 (Windows NT 10.0; WOW64) AppleWebKit/537.36 (KHTML, like Gecko) Chrome/70.0.3538.110 Safari/537.36', '/menu/removeMenu', 'POST', 'id=C2AA3AE6B81B486A8B8E0F56C7100F23', '2018-12-03 17:16:48', '超级管理员', '86毫秒', 'false', null, '菜单管理/删除菜单', 'Computer', 'Windows', 'admin');
INSERT INTO `t_sys_monitor_log` VALUES ('3558F79B40E54B11BD0D4B30CB901DE3', '192.168.0.100', 'Windows 10', 'Chrome', 'Mozilla/5.0 (Windows NT 10.0; WOW64) AppleWebKit/537.36 (KHTML, like Gecko) Chrome/70.0.3538.110 Safari/537.36', '/personal/updateUserInfo', 'POST', 'username=张三&sex=女&mailbox=1319404727@qq.com&phone=&officePhone=', '2018-12-03 10:44:07', '张三', '78毫秒', 'false', null, '个人中心/修改用户信息', 'Computer', 'Windows', 'zhansan');
INSERT INTO `t_sys_monitor_log` VALUES ('360370F079BB4DD8A25B0C7FED9F2504', '192.168.0.100', 'Windows 10', 'Chrome', 'Mozilla/5.0 (Windows NT 10.0; WOW64) AppleWebKit/537.36 (KHTML, like Gecko) Chrome/70.0.3538.110 Safari/537.36', '/manage/logout', 'GET', '', '2018-12-03 17:09:15', '超级管理员', '187毫秒', 'false', null, '登录登出/用户登出', 'Computer', 'Windows', 'admin');
INSERT INTO `t_sys_monitor_log` VALUES ('37795F4469104CD88E5757D25088C441', '192.168.0.100', 'Windows 10', 'Chrome', 'Mozilla/5.0 (Windows NT 10.0; WOW64) AppleWebKit/537.36 (KHTML, like Gecko) Chrome/70.0.3538.110 Safari/537.36', '/personal/getUserInfo', 'GET', '', '2018-12-03 10:44:01', '张三', '164毫秒', 'false', null, '个人中心/查看个人信息', 'Computer', 'Windows', 'zhansan');
INSERT INTO `t_sys_monitor_log` VALUES ('38FE60DC82B5443989AB57645DBDAB5F', '192.168.0.100', 'Windows 10', 'Chrome', 'Mozilla/5.0 (Windows NT 10.0; WOW64) AppleWebKit/537.36 (KHTML, like Gecko) Chrome/70.0.3538.110 Safari/537.36', '/monitor/queryLog', 'GET', 'pageSize=10&pageNum=1&operationDescription=&operationUsername=&clientIp=&operatingSystemName=&browser=&requestURI=&requestMethod=&operationTime=2018-12-03 00:00 - 2018-12-03 23:59&isError=&_=1543806573759', '2018-12-03 11:09:34', '超级管理员', '189毫秒', 'false', null, '监控管理/查询日志', 'Computer', 'Windows', 'admin');
INSERT INTO `t_sys_monitor_log` VALUES ('3A5FB8560EC84FBE8942C696673C2439', '192.168.0.100', 'Windows 10', 'Chrome', 'Mozilla/5.0 (Windows NT 10.0; WOW64) AppleWebKit/537.36 (KHTML, like Gecko) Chrome/70.0.3538.110 Safari/537.36', '/manage/login', 'POST', 'account=zhansan&password=******', '2018-12-03 17:17:44', '张三', '628毫秒', 'false', null, '登录登出/账号密码登录', 'Computer', 'Windows', 'zhansan');
INSERT INTO `t_sys_monitor_log` VALUES ('3A882D0BE4FF4C799D9075BEE76AE932', '192.168.0.100', 'Windows 10', 'Chrome', 'Mozilla/5.0 (Windows NT 10.0; WOW64) AppleWebKit/537.36 (KHTML, like Gecko) Chrome/70.0.3538.110 Safari/537.36', '/manage/logout', 'GET', '', '2018-12-05 17:02:13', '超级管理员', '219毫秒', 'false', null, '登录登出/用户登出', 'Computer', 'Windows', 'admin');
INSERT INTO `t_sys_monitor_log` VALUES ('3AA43ADCF63F4557B4F0B9A52395C43F', '192.168.0.100', 'Windows 10', 'Chrome', 'Mozilla/5.0 (Windows NT 10.0; WOW64) AppleWebKit/537.36 (KHTML, like Gecko) Chrome/70.0.3538.110 Safari/537.36', '/organization/searchOrganization', 'GET', 'name=&personInCharge=&address=&officePhone=&_=1543828210866', '2018-12-03 17:10:11', '张三', '164毫秒', 'false', null, '机构管理/查看机构列表', 'Computer', 'Windows', 'zhansan');
INSERT INTO `t_sys_monitor_log` VALUES ('3CC10BE945BC4BF0BC23BA05135A8DDE', '192.168.0.100', 'Windows 10', 'Chrome', 'Mozilla/5.0 (Windows NT 10.0; WOW64) AppleWebKit/537.36 (KHTML, like Gecko) Chrome/70.0.3538.110 Safari/537.36', '/monitor/getCacheKeysByCond', 'GET', 'key=&_=1543991470597', '2018-12-05 14:31:10', '超级管理员', '44毫秒', 'false', null, '监控管理/查看缓存', 'Computer', 'Windows', 'admin');
INSERT INTO `t_sys_monitor_log` VALUES ('3DDC1DBE44CD47079B43116F2680E1C2', '192.168.0.100', 'Windows 10', 'Chrome', 'Mozilla/5.0 (Windows NT 10.0; WOW64) AppleWebKit/537.36 (KHTML, like Gecko) Chrome/70.0.3538.110 Safari/537.36', '/dictionaries/getAllDictionaries', 'GET', 'order=asc&_=1543810010437', '2018-12-03 12:06:50', '超级管理员', '82毫秒', 'false', null, '字典管理/查看数据字典', 'Computer', 'Windows', 'admin');
INSERT INTO `t_sys_monitor_log` VALUES ('3FDE6709CCED4EB6AEA4EF172DC02B24', '192.168.0.100', 'Windows 10', 'Chrome', 'Mozilla/5.0 (Windows NT 10.0; WOW64) AppleWebKit/537.36 (KHTML, like Gecko) Chrome/70.0.3538.110 Safari/537.36', '/monitor/getCacheKeysByCond', 'GET', 'key=&_=1543991470617', '2018-12-05 14:33:56', '超级管理员', '35毫秒', 'false', null, '监控管理/查看缓存', 'Computer', 'Windows', 'admin');
INSERT INTO `t_sys_monitor_log` VALUES ('41C67AB0C3F941E1BC051B5D57230375', '192.168.0.100', 'Windows 10', 'Chrome', 'Mozilla/5.0 (Windows NT 10.0; WOW64) AppleWebKit/537.36 (KHTML, like Gecko) Chrome/70.0.3538.110 Safari/537.36', '/user/queryUser', 'GET', 'pageSize=10&pageNum=1&organizationId=&organizationName=&username=&account=&mailbox=&phone=&officePhone=&status=&_=1543805023374', '2018-12-03 10:43:43', '超级管理员', '236毫秒', 'false', null, '用户管理/查看用户列表', 'Computer', 'Windows', 'admin');
INSERT INTO `t_sys_monitor_log` VALUES ('425D4A4FD2104E9DA9B4E5C3421A4818', '192.168.0.100', 'Windows 10', 'Chrome', 'Mozilla/5.0 (Windows NT 10.0; WOW64) AppleWebKit/537.36 (KHTML, like Gecko) Chrome/70.0.3538.110 Safari/537.36', '/role/updateRole', 'POST', 'id=A6995037BEE848A6B6507AF5BC5C7751&name=普通员工&type=底层&description=普通员工&menuIds=C2AA3AE6B81B486A8B8E0F56C7100F23,444CB011FCB04E5B9C7D710117E2A1BA,3804BFD84B0441EFA0B99C85622C7733,660A7FD98FCB4B0FAE515853747FDEBF,51646DCE7D7F42C4B58378C4E1CD02E9', '2018-12-03 16:54:35', '超级管理员', '122毫秒', 'false', null, '修改角色', 'Computer', 'Windows', 'admin');
INSERT INTO `t_sys_monitor_log` VALUES ('42C74666D0B444E9A70DB97D8E9296F7', '192.168.0.100', 'Windows 10', 'Chrome', 'Mozilla/5.0 (Windows NT 10.0; WOW64) AppleWebKit/537.36 (KHTML, like Gecko) Chrome/70.0.3538.110 Safari/537.36', '/role/findRoleById', 'GET', 'id=AE17FE084EF74E169CCFDF7C12765A95', '2018-12-03 16:54:10', '超级管理员', '116毫秒', 'false', null, '查看角色详情', 'Computer', 'Windows', 'admin');
INSERT INTO `t_sys_monitor_log` VALUES ('43544D5869864AAAB4B76285A995F687', '192.168.0.100', 'Windows 10', 'Chrome', 'Mozilla/5.0 (Windows NT 10.0; WOW64) AppleWebKit/537.36 (KHTML, like Gecko) Chrome/70.0.3538.110 Safari/537.36', '/monitor/detailLog', 'GET', 'id=2A1E47FFBD6A48A5A8B9C8FF6C25FC94', '2018-12-05 17:27:39', '超级管理员', '442毫秒', 'false', null, '监控管理/查看日志详细信息', 'Computer', 'Windows', 'admin');
INSERT INTO `t_sys_monitor_log` VALUES ('44124F59246944F289184AB6FA38415C', '192.168.0.100', 'Windows 10', 'Chrome', 'Mozilla/5.0 (Windows NT 10.0; WOW64) AppleWebKit/537.36 (KHTML, like Gecko) Chrome/70.0.3538.110 Safari/537.36', '/user/queryUser', 'GET', 'pageSize=10&pageNum=1&organizationId=&organizationName=&username=&account=&mailbox=&phone=&officePhone=&status=&createTime=&_=1543829521716', '2018-12-03 17:32:02', '超级管理员', '186毫秒', 'false', null, '用户管理/查看用户列表', 'Computer', 'Windows', 'admin');
INSERT INTO `t_sys_monitor_log` VALUES ('44AD6F3248C84EE586028D19321442A5', '192.168.0.100', 'Windows 10', 'Chrome', 'Mozilla/5.0 (Windows NT 10.0; WOW64) AppleWebKit/537.36 (KHTML, like Gecko) Chrome/70.0.3538.110 Safari/537.36', '/user/queryUser', 'GET', 'pageSize=10&pageNum=1&organizationId=&organizationName=&username=&account=&mailbox=&phone=&officePhone=&status=&createTime=2018-12-03 00:00 - 2018-12-03 23:59&_=1543807045655', '2018-12-03 11:17:26', '超级管理员', '123毫秒', 'false', null, '用户管理/查看用户列表', 'Computer', 'Windows', 'admin');
INSERT INTO `t_sys_monitor_log` VALUES ('46A26BBB38E343CEA44E57BD88C97309', '192.168.0.100', 'Windows 10', 'Chrome', 'Mozilla/5.0 (Windows NT 10.0; WOW64) AppleWebKit/537.36 (KHTML, like Gecko) Chrome/70.0.3538.110 Safari/537.36', '/monitor/server', 'GET', '', '2018-12-03 10:47:51', '超级管理员', '1毫秒', 'false', null, '监控管理/服务器监控', 'Computer', 'Windows', 'admin');
INSERT INTO `t_sys_monitor_log` VALUES ('4AC11AB168EB4EE08EC610F8BAB12E25', '192.168.0.100', 'Windows 10', 'Chrome', 'Mozilla/5.0 (Windows NT 10.0; WOW64) AppleWebKit/537.36 (KHTML, like Gecko) Chrome/70.0.3538.110 Safari/537.36', '/user/queryUser', 'GET', 'pageSize=10&pageNum=1&organizationId=&organizationName=&roleId=&type=&username=&account=&mailbox=&phone=&officePhone=&status=&createTime=&_=1543808426700', '2018-12-03 12:07:26', '超级管理员', '118毫秒', 'false', null, '用户管理/查看用户列表', 'Computer', 'Windows', 'admin');
INSERT INTO `t_sys_monitor_log` VALUES ('4BF1C2D68C3A4EF597C3ABEA2D2945C4', '192.168.0.100', 'Windows 10', 'Chrome', 'Mozilla/5.0 (Windows NT 10.0; WOW64) AppleWebKit/537.36 (KHTML, like Gecko) Chrome/70.0.3538.110 Safari/537.36', '/user/updateUser', 'POST', 'id=048C50FDCE9647D58AFF479C4163726A&organizationId=100001&type=管理员&account=admin&username=超级管理员&sex=男&mailbox=1319404727@qq.com&phone=13838384388&officePhone=938-236-5632&description=&roleIds=AE17FE084EF74E169CCFDF7C12765A95', '2018-12-03 12:07:20', '超级管理员', '213毫秒', 'false', null, '用户管理/修改用户', 'Computer', 'Windows', 'admin');
INSERT INTO `t_sys_monitor_log` VALUES ('4C13515DB2F6458588D350E01E13BC81', '192.168.0.100', 'Windows 10', 'Chrome', 'Mozilla/5.0 (Windows NT 10.0; WOW64) AppleWebKit/537.36 (KHTML, like Gecko) Chrome/70.0.3538.110 Safari/537.36', '/personal/getUserInfo', 'GET', '', '2018-12-03 10:43:27', '超级管理员', '171毫秒', 'false', null, '个人中心/查看个人信息', 'Computer', 'Windows', 'admin');
INSERT INTO `t_sys_monitor_log` VALUES ('4D78D00DCE3942F49FDA34D7245089D2', '192.168.0.100', 'Windows 10', 'Chrome', 'Mozilla/5.0 (Windows NT 10.0; WOW64) AppleWebKit/537.36 (KHTML, like Gecko) Chrome/70.0.3538.110 Safari/537.36', '/personal/getUserInfo', 'GET', '', '2018-12-03 10:40:39', '超级管理员', '179毫秒', 'false', null, '个人中心/查看个人信息', 'Computer', 'Windows', 'admin');
INSERT INTO `t_sys_monitor_log` VALUES ('52CA604D19F441C7881D88F6F02B0B05', '192.168.0.100', 'Windows 10', 'Chrome', 'Mozilla/5.0 (Windows NT 10.0; WOW64) AppleWebKit/537.36 (KHTML, like Gecko) Chrome/70.0.3538.110 Safari/537.36', '/manage/login', 'POST', 'account=admin&password=******', '2018-12-03 11:22:40', '超级管理员', '1秒399毫秒', 'false', null, '登录登出/账号密码登录', 'Computer', 'Windows', 'admin');
INSERT INTO `t_sys_monitor_log` VALUES ('534FF2FFFAC64269BFE7D62BB04D4147', '192.168.0.100', 'Windows 10', 'Chrome', 'Mozilla/5.0 (Windows NT 10.0; WOW64) AppleWebKit/537.36 (KHTML, like Gecko) Chrome/70.0.3538.110 Safari/537.36', '/manage/login', 'POST', 'account=admin&password=******', '2018-12-03 17:06:58', '超级管理员', '437毫秒', 'false', null, '登录登出/账号密码登录', 'Computer', 'Windows', 'admin');
INSERT INTO `t_sys_monitor_log` VALUES ('555AD30307084CCB8990D5E155CFAABC', '192.168.0.100', 'Windows 10', 'Chrome', 'Mozilla/5.0 (Windows NT 10.0; WOW64) AppleWebKit/537.36 (KHTML, like Gecko) Chrome/70.0.3538.110 Safari/537.36', '/personal/getUserInfo', 'GET', '', '2018-12-03 17:17:49', '张三', '230毫秒', 'false', null, '个人中心/查看个人信息', 'Computer', 'Windows', 'zhansan');
INSERT INTO `t_sys_monitor_log` VALUES ('576C78CCB0994AFA9A43544E59077A33', '192.168.0.100', 'Windows 10', 'Chrome', 'Mozilla/5.0 (Windows NT 10.0; WOW64) AppleWebKit/537.36 (KHTML, like Gecko) Chrome/70.0.3538.110 Safari/537.36', '/monitor/getCacheKeysByCond', 'GET', 'key=&_=1543991470602', '2018-12-05 14:32:10', '超级管理员', '45毫秒', 'false', null, '监控管理/查看缓存', 'Computer', 'Windows', 'admin');
INSERT INTO `t_sys_monitor_log` VALUES ('582DFB0DC3A34252BE2666AB8E8C9E8D', '192.168.0.100', 'Windows 10', 'Chrome', 'Mozilla/5.0 (Windows NT 10.0; WOW64) AppleWebKit/537.36 (KHTML, like Gecko) Chrome/70.0.3538.110 Safari/537.36', '/user/queryUser', 'GET', 'pageSize=10&pageNum=1&organizationId=&organizationName=&username=&account=&mailbox=&phone=&officePhone=&status=&createTime=&_=1543828507009', '2018-12-03 17:15:07', '张三', '213毫秒', 'false', null, '用户管理/查看用户列表', 'Computer', 'Windows', 'zhansan');
INSERT INTO `t_sys_monitor_log` VALUES ('5E8CE20061A84E3BB8CAE4EB20C9BF95', '192.168.0.100', 'Windows 10', 'Chrome', 'Mozilla/5.0 (Windows NT 10.0; WOW64) AppleWebKit/537.36 (KHTML, like Gecko) Chrome/70.0.3538.110 Safari/537.36', '/user/queryUser', 'GET', 'pageSize=10&pageNum=1&organizationId=&organizationName=&username=&account=&mailbox=&phone=&officePhone=&status=&_=1543806941075', '2018-12-03 11:15:41', '超级管理员', '238毫秒', 'false', null, '用户管理/查看用户列表', 'Computer', 'Windows', 'admin');
INSERT INTO `t_sys_monitor_log` VALUES ('600E74AC0AA94086AB5FC41754D7638F', '192.168.0.100', 'Windows 10', 'Chrome', 'Mozilla/5.0 (Windows NT 10.0; WOW64) AppleWebKit/537.36 (KHTML, like Gecko) Chrome/70.0.3538.110 Safari/537.36', '/dictionaries/saveDictionariesItem', 'POST', 'id=&dictId=34F28BDC3ECF495D8FE358248CACCD71&dictName=用户类型&itemName=管理员&itemValue=管理员', '2018-12-03 12:07:03', '超级管理员', '201毫秒', 'false', null, '字典管理/保存数据字典项', 'Computer', 'Windows', 'admin');
INSERT INTO `t_sys_monitor_log` VALUES ('61129285AA12488A9DB4DD1EDAB018E2', '192.168.0.100', 'Windows 10', 'Chrome', 'Mozilla/5.0 (Windows NT 10.0; WOW64) AppleWebKit/537.36 (KHTML, like Gecko) Chrome/70.0.3538.110 Safari/537.36', '/monitor/queryLog', 'GET', 'pageSize=10&pageNum=22&operationDescription=&operationUsername=&clientIp=&operatingSystemName=&browser=&requestURI=&requestMethod=&operationTime=2018-11-30 00:00 - 2018-11-30 23:59&isError=&_=1543829661570', '2018-12-03 17:35:09', '超级管理员', '151毫秒', 'false', null, '监控管理/查询日志', 'Computer', 'Windows', 'admin');
INSERT INTO `t_sys_monitor_log` VALUES ('63E150E5030E4C148B2F4512C6B54758', '192.168.0.100', 'Windows 10', 'Chrome', 'Mozilla/5.0 (Windows NT 10.0; WOW64) AppleWebKit/537.36 (KHTML, like Gecko) Chrome/70.0.3538.110 Safari/537.36', '/user/queryUser', 'GET', 'pageSize=10&pageNum=1&organizationId=&organizationName=&roleId=&type=&username=&account=&mailbox=&phone=&officePhone=&status=&createTime=&_=1543807585724', '2018-12-03 11:26:43', '超级管理员', '136毫秒', 'false', null, '用户管理/查看用户列表', 'Computer', 'Windows', 'admin');
INSERT INTO `t_sys_monitor_log` VALUES ('63FBA6EE67814CDCB170E99346F0B212', '192.168.0.100', 'Windows 10', 'Chrome', 'Mozilla/5.0 (Windows NT 10.0; WOW64) AppleWebKit/537.36 (KHTML, like Gecko) Chrome/70.0.3538.110 Safari/537.36', '/organization/searchOrganization', 'GET', 'name=&personInCharge=&address=&officePhone=&_=1543829058343', '2018-12-03 17:24:19', '超级管理员', '104毫秒', 'false', null, '机构管理/查看机构列表', 'Computer', 'Windows', 'admin');
INSERT INTO `t_sys_monitor_log` VALUES ('661117400BB943D49697ED4E51C7721A', '192.168.0.100', 'Windows 10', 'Chrome', 'Mozilla/5.0 (Windows NT 10.0; WOW64) AppleWebKit/537.36 (KHTML, like Gecko) Chrome/70.0.3538.110 Safari/537.36', '/monitor/getCacheKeysByCond', 'GET', 'key=&_=1543991470605', '2018-12-05 14:32:57', '超级管理员', '43毫秒', 'false', null, '监控管理/查看缓存', 'Computer', 'Windows', 'admin');
INSERT INTO `t_sys_monitor_log` VALUES ('67459342C8A8444188AD39E1D2660841', '192.168.0.100', 'Windows 10', 'Chrome', 'Mozilla/5.0 (Windows NT 10.0; WOW64) AppleWebKit/537.36 (KHTML, like Gecko) Chrome/70.0.3538.110 Safari/537.36', '/user/queryUser', 'GET', 'pageSize=10&pageNum=1&organizationId=&organizationName=&username=&account=&mailbox=&phone=&officePhone=&status=&createTime=&_=1543828052325', '2018-12-03 17:07:32', '超级管理员', '175毫秒', 'false', null, '用户管理/查看用户列表', 'Computer', 'Windows', 'admin');
INSERT INTO `t_sys_monitor_log` VALUES ('674CB61514354F78AE738044312EB614', '192.168.0.100', 'Windows 10', 'Chrome', 'Mozilla/5.0 (Windows NT 10.0; WOW64) AppleWebKit/537.36 (KHTML, like Gecko) Chrome/70.0.3538.110 Safari/537.36', '/user/queryUser', 'GET', 'pageSize=10&pageNum=1&organizationId=&organizationName=&username=&account=&mailbox=&phone=&officePhone=&status=&createTime=&_=1543807929367', '2018-12-03 11:32:09', '超级管理员', '117毫秒', 'false', null, '用户管理/查看用户列表', 'Computer', 'Windows', 'admin');
INSERT INTO `t_sys_monitor_log` VALUES ('67A849DB635B4EC0AD490874A67B121C', '192.168.0.100', 'Windows 10', 'Chrome', 'Mozilla/5.0 (Windows NT 10.0; WOW64) AppleWebKit/537.36 (KHTML, like Gecko) Chrome/70.0.3538.110 Safari/537.36', '/user/queryUser', 'GET', 'pageSize=10&pageNum=1&organizationId=&organizationName=&roleId=&type=&username=&account=&mailbox=&phone=&officePhone=&status=&createTime=&_=1543807365871', '2018-12-03 11:22:53', '超级管理员', '133毫秒', 'false', null, '用户管理/查看用户列表', 'Computer', 'Windows', 'admin');
INSERT INTO `t_sys_monitor_log` VALUES ('6941BB21C77B48B79A5208528C86D440', '192.168.0.100', 'Windows 10', 'Chrome', 'Mozilla/5.0 (Windows NT 10.0; WOW64) AppleWebKit/537.36 (KHTML, like Gecko) Chrome/70.0.3538.110 Safari/537.36', '/role/findRoleById', 'GET', 'id=A6995037BEE848A6B6507AF5BC5C7751', '2018-12-03 17:07:18', '超级管理员', '69毫秒', 'false', null, '查看角色详情', 'Computer', 'Windows', 'admin');
INSERT INTO `t_sys_monitor_log` VALUES ('695CA89DD72346F1B199F0CCF333AF26', '192.168.0.100', 'Windows 10', 'Chrome', 'Mozilla/5.0 (Windows NT 10.0; WOW64) AppleWebKit/537.36 (KHTML, like Gecko) Chrome/70.0.3538.110 Safari/537.36', '/monitor/queryLog', 'GET', 'pageSize=10&pageNum=22&operationDescription=&operationUsername=&clientIp=&operatingSystemName=&browser=&requestURI=&requestMethod=&operationTime=2018-11-30 00:00 - 2018-11-30 23:59&isError=&_=1543829661572', '2018-12-03 17:35:12', '超级管理员', '214毫秒', 'false', null, '监控管理/查询日志', 'Computer', 'Windows', 'admin');
INSERT INTO `t_sys_monitor_log` VALUES ('6A2FA9FAB6024720825381CF3D231861', '192.168.0.100', 'Windows 10', 'Chrome', 'Mozilla/5.0 (Windows NT 10.0; WOW64) AppleWebKit/537.36 (KHTML, like Gecko) Chrome/70.0.3538.110 Safari/537.36', '/user/queryUser', 'GET', 'pageSize=10&pageNum=1&organizationId=&organizationName=&username=&account=&mailbox=&phone=&officePhone=&status=&_=1543804347321', '2018-12-03 10:32:32', '超级管理员', '3秒498毫秒', 'false', null, '用户管理/查看用户列表', 'Computer', 'Windows', 'admin');
INSERT INTO `t_sys_monitor_log` VALUES ('6A9EF0F2260E414BB991B16220F3441E', '192.168.0.100', 'Windows 10', 'Chrome', 'Mozilla/5.0 (Windows NT 10.0; WOW64) AppleWebKit/537.36 (KHTML, like Gecko) Chrome/70.0.3538.110 Safari/537.36', '/role/queryRoles', 'GET', 'pageSize=10&pageNum=1&name=&_=1543827245359', '2018-12-03 16:54:05', '超级管理员', '149毫秒', 'false', null, '查看角色列表', 'Computer', 'Windows', 'admin');
INSERT INTO `t_sys_monitor_log` VALUES ('6CDC679D0519440C81DF5B073416791C', '192.168.0.100', 'Windows 10', 'Chrome', 'Mozilla/5.0 (Windows NT 10.0; WOW64) AppleWebKit/537.36 (KHTML, like Gecko) Chrome/70.0.3538.110 Safari/537.36', '/manage/login', 'POST', 'account=admin&password=******', '2018-12-03 15:51:26', '超级管理员', '997毫秒', 'false', null, '登录登出/账号密码登录', 'Computer', 'Windows', 'admin');
INSERT INTO `t_sys_monitor_log` VALUES ('6CFEC9373F3B40AAA6DBEB4D4778E0DE', '192.168.0.100', 'Windows 10', 'Chrome', 'Mozilla/5.0 (Windows NT 10.0; WOW64) AppleWebKit/537.36 (KHTML, like Gecko) Chrome/70.0.3538.110 Safari/537.36', '/monitor/queryLog', 'GET', 'pageSize=10&pageNum=4&operationDescription=&operationUsername=&clientIp=&operatingSystemName=&browser=&requestURI=&requestMethod=&operationTime=2018-11-30 00:00 - 2018-11-30 23:59&isError=&_=1543829661567', '2018-12-03 17:35:04', '超级管理员', '486毫秒', 'false', null, '监控管理/查询日志', 'Computer', 'Windows', 'admin');
INSERT INTO `t_sys_monitor_log` VALUES ('6F4314012A174DAAB8625E4167C512EE', '192.168.0.100', 'Windows 10', 'Chrome', 'Mozilla/5.0 (Windows NT 10.0; WOW64) AppleWebKit/537.36 (KHTML, like Gecko) Chrome/70.0.3538.110 Safari/537.36', '/user/queryUser', 'GET', 'pageSize=10&pageNum=1&organizationId=&organizationName=&username=&account=&mailbox=&phone=&officePhone=&status=&createTime=&_=1544001972268', '2018-12-05 17:26:12', '超级管理员', '224毫秒', 'false', null, '用户管理/查看用户列表', 'Computer', 'Windows', 'admin');
INSERT INTO `t_sys_monitor_log` VALUES ('718D465D732140DB98BCCD1E0A306248', '192.168.0.100', 'Windows 10', 'Chrome', 'Mozilla/5.0 (Windows NT 10.0; WOW64) AppleWebKit/537.36 (KHTML, like Gecko) Chrome/70.0.3538.110 Safari/537.36', '/role/queryRoles', 'GET', 'pageSize=10&pageNum=1&name=&_=1543828021711', '2018-12-03 17:07:01', '超级管理员', '91毫秒', 'false', null, '查看角色列表', 'Computer', 'Windows', 'admin');
INSERT INTO `t_sys_monitor_log` VALUES ('71A88C3594AC48FC9034485EB0B28CBD', '192.168.0.100', 'Windows 10', 'Chrome', 'Mozilla/5.0 (Windows NT 10.0; WOW64) AppleWebKit/537.36 (KHTML, like Gecko) Chrome/70.0.3538.110 Safari/537.36', '/monitor/getCacheKeysByCond', 'GET', 'key=&_=1543991451661', '2018-12-05 14:30:52', '超级管理员', '121毫秒', 'false', null, '监控管理/查看缓存', 'Computer', 'Windows', 'admin');
INSERT INTO `t_sys_monitor_log` VALUES ('755DD87372644D199F98D2FB5E3EC5F6', '192.168.0.100', 'Windows 10', 'Chrome', 'Mozilla/5.0 (Windows NT 10.0; WOW64) AppleWebKit/537.36 (KHTML, like Gecko) Chrome/70.0.3538.110 Safari/537.36', '/monitor/onlineUser', 'GET', 'pageSize=10&pageNum=1&userName=&clientIp=&deviceType=&loginTime=2018-12-03 00:00 - 2018-12-03 23:59&_=1543823498398', '2018-12-03 15:51:43', '超级管理员', '4秒673毫秒', 'false', null, '监控管理/查看在线用户', 'Computer', 'Windows', 'admin');
INSERT INTO `t_sys_monitor_log` VALUES ('7619353D655C42CBA9926529D46D23C3', '192.168.0.100', 'Windows 10', 'Chrome', 'Mozilla/5.0 (Windows NT 10.0; WOW64) AppleWebKit/537.36 (KHTML, like Gecko) Chrome/70.0.3538.110 Safari/537.36', '/monitor/getCacheKeysByCond', 'GET', 'key=&_=1543991470613', '2018-12-05 14:33:21', '超级管理员', '41毫秒', 'false', null, '监控管理/查看缓存', 'Computer', 'Windows', 'admin');
INSERT INTO `t_sys_monitor_log` VALUES ('7657B2E1838E4A37868BBF909FA90F20', '192.168.0.100', 'Windows 10', 'Chrome', 'Mozilla/5.0 (Windows NT 10.0; WOW64) AppleWebKit/537.36 (KHTML, like Gecko) Chrome/70.0.3538.110 Safari/537.36', '/system/getConfigs', 'GET', '', '2018-12-05 17:26:50', '超级管理员', '55毫秒', 'false', null, '系统配置/查看系统配置', 'Computer', 'Windows', 'admin');
INSERT INTO `t_sys_monitor_log` VALUES ('7714BB00886748379306929FBD0E46CE', '192.168.0.100', 'Windows 10', 'Chrome', 'Mozilla/5.0 (Windows NT 10.0; WOW64) AppleWebKit/537.36 (KHTML, like Gecko) Chrome/70.0.3538.110 Safari/537.36', '/user/getUserById', 'GET', 'id=048C50FDCE9647D58AFF479C4163726A', '2018-12-03 11:40:36', '超级管理员', '105毫秒', 'false', null, '用户管理/查看用户详情', 'Computer', 'Windows', 'admin');
INSERT INTO `t_sys_monitor_log` VALUES ('77B351BA86284622BC56DD32ADBEE52D', '192.168.0.100', 'Windows 10', 'Chrome', 'Mozilla/5.0 (Windows NT 10.0; WOW64) AppleWebKit/537.36 (KHTML, like Gecko) Chrome/70.0.3538.110 Safari/537.36', '/role/findRoleById', 'GET', 'id=A6995037BEE848A6B6507AF5BC5C7751', '2018-12-03 16:54:28', '超级管理员', '80毫秒', 'false', null, '查看角色详情', 'Computer', 'Windows', 'admin');
INSERT INTO `t_sys_monitor_log` VALUES ('7C744FA655CC439596353EF4F09DC9D8', '192.168.0.100', 'Windows 10', 'Chrome', 'Mozilla/5.0 (Windows NT 10.0; WOW64) AppleWebKit/537.36 (KHTML, like Gecko) Chrome/70.0.3538.110 Safari/537.36', '/user/queryUser', 'GET', 'pageSize=10&pageNum=1&organizationId=&organizationName=&username=&account=&mailbox=&phone=&officePhone=&status=&createTime=&_=1543897644388', '2018-12-04 12:27:25', '超级管理员', '439毫秒', 'false', null, '用户管理/查看用户列表', 'Computer', 'Windows', 'admin');
INSERT INTO `t_sys_monitor_log` VALUES ('7C8AEBE7B215422992238B49B16136F8', '192.168.0.100', 'Windows 10', 'Chrome', 'Mozilla/5.0 (Windows NT 10.0; WOW64) AppleWebKit/537.36 (KHTML, like Gecko) Chrome/70.0.3538.110 Safari/537.36', '/user/updateUser', 'POST', 'id=048C50FDCE9647D58AFF479C4163726A&organizationId=100001&type=正式&account=admin&username=超级管理员&sex=男&mailbox=1319404727@qq.com&phone=13838384388&officePhone=938-236-5632&description=&roleIds=AE17FE084EF74E169CCFDF7C12765A95', '2018-12-03 10:32:55', '超级管理员', '215毫秒', 'false', null, '用户管理/修改用户', 'Computer', 'Windows', 'admin');
INSERT INTO `t_sys_monitor_log` VALUES ('7EFFE719BEFE4BB684A2979B9EA1C34B', '192.168.0.100', 'Windows 10', 'Chrome', 'Mozilla/5.0 (Windows NT 10.0; WOW64) AppleWebKit/537.36 (KHTML, like Gecko) Chrome/70.0.3538.110 Safari/537.36', '/user/queryUser', 'GET', 'pageSize=10&pageNum=1&organizationId=&organizationName=&username=&account=&mailbox=&phone=&officePhone=&status=&createTime=&_=1543808422477', '2018-12-03 11:40:22', '超级管理员', '148毫秒', 'false', null, '用户管理/查看用户列表', 'Computer', 'Windows', 'admin');
INSERT INTO `t_sys_monitor_log` VALUES ('8030961F80524376AF1EBAF1624F584B', '192.168.0.100', 'Windows 10', 'Chrome', 'Mozilla/5.0 (Windows NT 10.0; WOW64) AppleWebKit/537.36 (KHTML, like Gecko) Chrome/70.0.3538.110 Safari/537.36', '/user/updateUser', 'POST', 'id=D50F1B8D614D470E9A1B4B858E9278E6&organizationId=100001&type=正式&account=zhansan&username=张三&sex=男&mailbox=&phone=&officePhone=&description=张三的描述&roleIds=A6995037BEE848A6B6507AF5BC5C7751', '2018-12-03 17:07:49', '超级管理员', '135毫秒', 'false', null, '用户管理/修改用户', 'Computer', 'Windows', 'admin');
INSERT INTO `t_sys_monitor_log` VALUES ('82F18E2A3F0B45D2B4B1189464C7A047', '192.168.0.100', 'Windows 10', 'Chrome', 'Mozilla/5.0 (Windows NT 10.0; WOW64) AppleWebKit/537.36 (KHTML, like Gecko) Chrome/70.0.3538.110 Safari/537.36', '/manage/logout', 'GET', '', '2018-12-04 17:07:41', '超级管理员', '143毫秒', 'false', null, '登录登出/用户登出', 'Computer', 'Windows', 'admin');
INSERT INTO `t_sys_monitor_log` VALUES ('839F6C020A4941A59392EDED9BCAF626', '192.168.0.100', 'Windows 10', 'Chrome', 'Mozilla/5.0 (Windows NT 10.0; WOW64) AppleWebKit/537.36 (KHTML, like Gecko) Chrome/70.0.3538.110 Safari/537.36', '/menu/getRoot', 'GET', 'order=asc&_=1543829447151', '2018-12-03 17:30:47', '超级管理员', '93毫秒', 'false', null, '菜单管理/查看菜单列表', 'Computer', 'Windows', 'admin');
INSERT INTO `t_sys_monitor_log` VALUES ('84A42ECEC864459D8830ADC927305D2D', '192.168.0.100', 'Windows 10', 'Chrome', 'Mozilla/5.0 (Windows NT 10.0; WOW64) AppleWebKit/537.36 (KHTML, like Gecko) Chrome/70.0.3538.110 Safari/537.36', '/monitor/guestRecord', 'GET', 'pageSize=10&pageNum=1&userName=&clientIp=&operatingSystemName=&browser=&loginTime=2018-12-05 00:00 - 2018-12-05 23:59&_=1544001928428', '2018-12-05 17:25:34', '超级管理员', '170毫秒', 'false', null, '监控管理/查看访客记录', 'Computer', 'Windows', 'admin');
INSERT INTO `t_sys_monitor_log` VALUES ('84EAD1539EEF439D9B507268A566D6D1', '192.168.0.100', 'Windows 10', 'Chrome', 'Mozilla/5.0 (Windows NT 10.0; WOW64) AppleWebKit/537.36 (KHTML, like Gecko) Chrome/70.0.3538.110 Safari/537.36', '/user/queryUser', 'GET', 'pageSize=10&pageNum=1&organizationId=&organizationName=&roleId=&type=&username=&account=&mailbox=&phone=&officePhone=&status=&createTime=&_=1543807585725', '2018-12-03 11:27:14', '超级管理员', '8秒896毫秒', 'false', null, '用户管理/查看用户列表', 'Computer', 'Windows', 'admin');
INSERT INTO `t_sys_monitor_log` VALUES ('85D27E705479420287FBE4CD4840C46A', '192.168.0.100', 'Windows 10', 'Chrome', 'Mozilla/5.0 (Windows NT 10.0; WOW64) AppleWebKit/537.36 (KHTML, like Gecko) Chrome/70.0.3538.110 Safari/537.36', '/manage/logout', 'GET', '', '2018-12-03 18:27:54', '超级管理员', '196毫秒', 'false', null, '登录登出/用户登出', 'Computer', 'Windows', 'admin');
INSERT INTO `t_sys_monitor_log` VALUES ('86B7AD19EDAD4513A35354EF4BD8EF99', '192.168.0.100', 'Windows 10', 'Chrome', 'Mozilla/5.0 (Windows NT 10.0; WOW64) AppleWebKit/537.36 (KHTML, like Gecko) Chrome/70.0.3538.110 Safari/537.36', '/user/updateUser', 'POST', 'id=D50F1B8D614D470E9A1B4B858E9278E6&organizationId=100001&type=正式&account=zhansan&username=张三&sex=男&mailbox=&phone=&officePhone=&description=张三的描述&roleIds=A6995037BEE848A6B6507AF5BC5C7751', '2018-12-03 17:16:16', '张三', '281毫秒', 'false', null, '用户管理/修改用户', 'Computer', 'Windows', 'zhansan');
INSERT INTO `t_sys_monitor_log` VALUES ('86CED90947664A598D2E6E387FACDFB7', '192.168.0.100', 'Windows 10', 'Chrome', 'Mozilla/5.0 (Windows NT 10.0; WOW64) AppleWebKit/537.36 (KHTML, like Gecko) Chrome/70.0.3538.110 Safari/537.36', '/role/updateRole', 'POST', 'id=AE17FE084EF74E169CCFDF7C12765A95&name=系统架构师&type=中层&description=&menuIds=C2AA3AE6B81B486A8B8E0F56C7100F23,444CB011FCB04E5B9C7D710117E2A1BA,3804BFD84B0441EFA0B99C85622C7733,660A7FD98FCB4B0FAE515853747FDEBF,51646DCE7D7F42C4B58378C4E1CD02E9,5DC2DBA1D08F4BED9795B8A855ABD961,40B77FA0E56244569B50A2DD2EBCE34C,939B2C62A4E74F67A8DA844A6DAD0138,0B3B79641F4B4ACC8BE801EC41FC3006,D53DE23EDD544D80B0763BA21BDA2C19,242431D8DB5B492E964A0A4FCE91B38A,0ADAE38220754050A2FD8BC4E77FAB6A,8BCA0A7B231F4F16A77CEC686F787D2B,40CBF110E96945EC8C6696D6BFB09E72,F4B43298787E4D8A9D189BA59E985B8B,4F9BC8DFB3554E5587CB0ECB12087C46,9D8431FE7288481CA792CA72F5ED9F9A,08F63797F0CA46299268C2816FB74AEB,18582F8EBAF24618BA8250CC5819E9CE', '2018-12-03 17:07:30', '超级管理员', '126毫秒', 'false', null, '修改角色', 'Computer', 'Windows', 'admin');
INSERT INTO `t_sys_monitor_log` VALUES ('87C81A77CBDF4634BAD6382285101F11', '192.168.0.100', 'Windows 10', 'Chrome', 'Mozilla/5.0 (Windows NT 10.0; WOW64) AppleWebKit/537.36 (KHTML, like Gecko) Chrome/70.0.3538.110 Safari/537.36', '/manage/logout', 'GET', '', '2018-12-03 17:15:51', '超级管理员', '87毫秒', 'false', null, '登录登出/用户登出', 'Computer', 'Windows', 'admin');
INSERT INTO `t_sys_monitor_log` VALUES ('89A14FA30B644E2C89157FFF57392AC0', '192.168.0.100', 'Windows 10', 'Chrome', 'Mozilla/5.0 (Windows NT 10.0; WOW64) AppleWebKit/537.36 (KHTML, like Gecko) Chrome/70.0.3538.110 Safari/537.36', '/manage/login', 'POST', 'account=lisi&password=******', '2018-12-04 16:45:54', '李四', '986毫秒', 'false', null, '登录登出/账号密码登录', 'Computer', 'Windows', 'lisi');
INSERT INTO `t_sys_monitor_log` VALUES ('89AAD7DC902047879BFB5BA6956F1520', '192.168.0.100', 'Windows 10', 'Chrome', 'Mozilla/5.0 (Windows NT 10.0; WOW64) AppleWebKit/537.36 (KHTML, like Gecko) Chrome/70.0.3538.110 Safari/537.36', '/user/queryUser', 'GET', 'pageSize=10&pageNum=1&organizationId=&organizationName=&username=&account=&mailbox=&phone=&officePhone=&status=&createTime=&_=1543828538558', '2018-12-03 17:15:38', '超级管理员', '107毫秒', 'false', null, '用户管理/查看用户列表', 'Computer', 'Windows', 'admin');
INSERT INTO `t_sys_monitor_log` VALUES ('8C353DCA31B24291BC6E2A5E6EDBB43A', '192.168.0.100', 'Windows 10', 'Chrome', 'Mozilla/5.0 (Windows NT 10.0; WOW64) AppleWebKit/537.36 (KHTML, like Gecko) Chrome/70.0.3538.110 Safari/537.36', '/manage/login', 'POST', 'account=admin&password=******', '2018-12-03 10:33:00', '超级管理员', '517毫秒', 'false', null, '登录登出/账号密码登录', 'Computer', 'Windows', 'admin');
INSERT INTO `t_sys_monitor_log` VALUES ('8CE88232A5E942FA8F017165BD02DC73', '192.168.0.100', 'Windows 10', 'Chrome', 'Mozilla/5.0 (Windows NT 10.0; WOW64) AppleWebKit/537.36 (KHTML, like Gecko) Chrome/70.0.3538.110 Safari/537.36', '/manage/logout', 'GET', '', '2018-12-03 12:31:33', '超级管理员', '366毫秒', 'false', null, '登录登出/用户登出', 'Computer', 'Windows', 'admin');
INSERT INTO `t_sys_monitor_log` VALUES ('8D4BA721386941B7B8AF919DD9F7FE59', '192.168.0.100', 'Windows 10', 'Chrome', 'Mozilla/5.0 (Windows NT 10.0; WOW64) AppleWebKit/537.36 (KHTML, like Gecko) Chrome/70.0.3538.110 Safari/537.36', '/system/getConfigs', 'GET', '', '2018-12-03 12:06:06', '超级管理员', '210毫秒', 'false', null, '查看系统配置', 'Computer', 'Windows', 'admin');
INSERT INTO `t_sys_monitor_log` VALUES ('8FB4A35AC3BB4D1394DA03F7C64D8F82', '192.168.0.100', 'Windows 10', 'Chrome', 'Mozilla/5.0 (Windows NT 10.0; WOW64) AppleWebKit/537.36 (KHTML, like Gecko) Chrome/70.0.3538.110 Safari/537.36', '/monitor/getCacheKeysByCond', 'GET', 'key=&_=1544002018414', '2018-12-05 17:26:58', '超级管理员', '65毫秒', 'false', null, '监控管理/查看缓存', 'Computer', 'Windows', 'admin');
INSERT INTO `t_sys_monitor_log` VALUES ('90A6AF45C4274B128F191BB39BA65372', '192.168.0.100', 'Windows 10', 'Chrome', 'Mozilla/5.0 (Windows NT 10.0; WOW64) AppleWebKit/537.36 (KHTML, like Gecko) Chrome/70.0.3538.110 Safari/537.36', '/monitor/queryLog', 'GET', 'pageSize=10&pageNum=3&operationDescription=&operationUsername=&clientIp=&operatingSystemName=&browser=&requestURI=&requestMethod=&operationTime=2018-11-30 00:00 - 2018-11-30 23:59&isError=&_=1543829661566', '2018-12-03 17:35:02', '超级管理员', '748毫秒', 'false', null, '监控管理/查询日志', 'Computer', 'Windows', 'admin');
INSERT INTO `t_sys_monitor_log` VALUES ('91E6EDF2B9DB482093B36D63D44A6564', '192.168.0.100', 'Windows 10', 'Chrome', 'Mozilla/5.0 (Windows NT 10.0; WOW64) AppleWebKit/537.36 (KHTML, like Gecko) Chrome/70.0.3538.110 Safari/537.36', '/manage/logout', 'GET', '', '2018-12-03 17:44:00', '超级管理员', '116毫秒', 'false', null, '登录登出/用户登出', 'Computer', 'Windows', 'admin');
INSERT INTO `t_sys_monitor_log` VALUES ('92F14CA0C5F641218D13A1E0F13C4CFE', '192.168.0.100', 'Windows 10', 'Chrome', 'Mozilla/5.0 (Windows NT 10.0; WOW64) AppleWebKit/537.36 (KHTML, like Gecko) Chrome/70.0.3538.110 Safari/537.36', '/personal/getUserInfo', 'GET', '', '2018-12-05 17:25:47', '超级管理员', '205毫秒', 'false', null, '个人中心/查看个人信息', 'Computer', 'Windows', 'admin');
INSERT INTO `t_sys_monitor_log` VALUES ('94442CAD91CC49BAA5A22FB7F2364643', '192.168.0.100', 'Windows 10', 'Chrome', 'Mozilla/5.0 (Windows NT 10.0; WOW64) AppleWebKit/537.36 (KHTML, like Gecko) Chrome/70.0.3538.110 Safari/537.36', '/manage/logout', 'GET', '', '2018-12-03 17:07:56', '超级管理员', '142毫秒', 'false', null, '登录登出/用户登出', 'Computer', 'Windows', 'admin');
INSERT INTO `t_sys_monitor_log` VALUES ('948BB40606AB4F9CA3858C47E54BB025', '192.168.0.100', 'Windows 10', 'Chrome', 'Mozilla/5.0 (Windows NT 10.0; WOW64) AppleWebKit/537.36 (KHTML, like Gecko) Chrome/70.0.3538.110 Safari/537.36', '/manage/login', 'POST', 'account=admin&password=******', '2018-12-05 17:25:23', '超级管理员', '1秒11毫秒', 'false', null, '登录登出/账号密码登录', 'Computer', 'Windows', 'admin');
INSERT INTO `t_sys_monitor_log` VALUES ('96AA876D506440D897E217413DF5D43E', '192.168.0.100', 'Windows 10', 'Chrome', 'Mozilla/5.0 (Windows NT 10.0; WOW64) AppleWebKit/537.36 (KHTML, like Gecko) Chrome/70.0.3538.110 Safari/537.36', '/user/queryUser', 'GET', 'pageSize=10&pageNum=1&organizationId=&organizationName=&username=&account=&mailbox=&phone=&officePhone=&status=&createTime=&_=1543828567785', '2018-12-03 17:16:08', '张三', '249毫秒', 'false', null, '用户管理/查看用户列表', 'Computer', 'Windows', 'zhansan');
INSERT INTO `t_sys_monitor_log` VALUES ('98FDB30F69DE41428FB2C3ABD88915F0', '192.168.0.100', 'Windows 10', 'Chrome', 'Mozilla/5.0 (Windows NT 10.0; WOW64) AppleWebKit/537.36 (KHTML, like Gecko) Chrome/70.0.3538.110 Safari/537.36', '/user/getUserById', 'GET', 'id=D50F1B8D614D470E9A1B4B858E9278E6', '2018-12-03 17:17:25', '超级管理员', '92毫秒', 'false', null, '用户管理/查看用户详情', 'Computer', 'Windows', 'admin');
INSERT INTO `t_sys_monitor_log` VALUES ('99337097BAE2476B8129B9AAFBE578AA', '192.168.0.100', 'Windows 10', 'Chrome', 'Mozilla/5.0 (Windows NT 10.0; WOW64) AppleWebKit/537.36 (KHTML, like Gecko) Chrome/70.0.3538.110 Safari/537.36', '/monitor/queryLog', 'GET', 'pageSize=10&pageNum=1&operationDescription=&operationUsername=&clientIp=&operatingSystemName=&browser=&requestURI=&requestMethod=&operationTime=2018-11-30 00:00 - 2018-11-30 23:59&isError=&_=1543829661564', '2018-12-03 17:34:55', '超级管理员', '132毫秒', 'false', null, '监控管理/查询日志', 'Computer', 'Windows', 'admin');
INSERT INTO `t_sys_monitor_log` VALUES ('9939EBCE9C1D49DBB52E27B24250DAC2', '192.168.0.100', 'Windows 10', 'Chrome', 'Mozilla/5.0 (Windows NT 10.0; WOW64) AppleWebKit/537.36 (KHTML, like Gecko) Chrome/70.0.3538.110 Safari/537.36', '/user/queryUser', 'GET', 'pageSize=10&pageNum=1&organizationId=&organizationName=&roleId=&type=&username=&account=&mailbox=&phone=&officePhone=&status=&createTime=&_=1543913102978', '2018-12-04 16:45:40', '超级管理员', '332毫秒', 'false', null, '用户管理/查看用户列表', 'Computer', 'Windows', 'admin');
INSERT INTO `t_sys_monitor_log` VALUES ('9973511320B94FE48EC19666B0A76EDB', '192.168.0.100', 'Windows 10', 'Chrome', 'Mozilla/5.0 (Windows NT 10.0; WOW64) AppleWebKit/537.36 (KHTML, like Gecko) Chrome/70.0.3538.110 Safari/537.36', '/user/disableUser', 'POST', 'id=D50F1B8D614D470E9A1B4B858E9278E6', '2018-12-04 16:45:39', '超级管理员', '305毫秒', 'false', null, '用户管理/停用用户', 'Computer', 'Windows', 'admin');
INSERT INTO `t_sys_monitor_log` VALUES ('9B5E0D7B5BFB4EE18D5A1605DA3315AA', '192.168.0.100', 'Windows 10', 'Chrome', 'Mozilla/5.0 (Windows NT 10.0; WOW64) AppleWebKit/537.36 (KHTML, like Gecko) Chrome/70.0.3538.110 Safari/537.36', '/role/findRoleById', 'GET', 'id=F43533B34D2940D1852EF8EEF46795DC', '2018-12-03 17:24:35', '超级管理员', '139毫秒', 'false', null, '查看角色详情', 'Computer', 'Windows', 'admin');
INSERT INTO `t_sys_monitor_log` VALUES ('9C61CAD67AF2421F8171024AE6B1609A', '192.168.0.100', 'Windows 10', 'Chrome', 'Mozilla/5.0 (Windows NT 10.0; WOW64) AppleWebKit/537.36 (KHTML, like Gecko) Chrome/70.0.3538.110 Safari/537.36', '/manage/login', 'POST', 'account=zhansan&password=******', '2018-12-03 17:15:56', '张三', '719毫秒', 'false', null, '登录登出/账号密码登录', 'Computer', 'Windows', 'zhansan');
INSERT INTO `t_sys_monitor_log` VALUES ('9D10F834C2954E64A9593F3D8FFCDF95', '192.168.0.100', 'Windows 10', 'Chrome', 'Mozilla/5.0 (Windows NT 10.0; WOW64) AppleWebKit/537.36 (KHTML, like Gecko) Chrome/70.0.3538.110 Safari/537.36', '/manage/logout', 'GET', '', '2018-12-03 10:43:51', '超级管理员', '131毫秒', 'false', null, '登录登出/用户登出', 'Computer', 'Windows', 'admin');
INSERT INTO `t_sys_monitor_log` VALUES ('A0CB30A6BA394611969BA7DFB9284D7B', '192.168.0.100', 'Windows 10', 'Chrome', 'Mozilla/5.0 (Windows NT 10.0; WOW64) AppleWebKit/537.36 (KHTML, like Gecko) Chrome/70.0.3538.110 Safari/537.36', '/manage/login', 'POST', 'account=admin&password=******', '2018-12-05 17:01:29', '超级管理员', '1秒268毫秒', 'false', null, '登录登出/账号密码登录', 'Computer', 'Windows', 'admin');
INSERT INTO `t_sys_monitor_log` VALUES ('A2058EB315DC44F4ABDD309FA075DD41', '192.168.0.100', 'Windows 10', 'Chrome', 'Mozilla/5.0 (Windows NT 10.0; WOW64) AppleWebKit/537.36 (KHTML, like Gecko) Chrome/70.0.3538.110 Safari/537.36', '/role/queryRoles', 'GET', 'pageSize=10&pageNum=1&name=&_=1543829471341', '2018-12-03 17:31:11', '超级管理员', '94毫秒', 'false', null, '查看角色列表', 'Computer', 'Windows', 'admin');
INSERT INTO `t_sys_monitor_log` VALUES ('A2103425A41540409EC6C16BCE43AD70', '192.168.0.100', 'Windows 10', 'Chrome', 'Mozilla/5.0 (Windows NT 10.0; WOW64) AppleWebKit/537.36 (KHTML, like Gecko) Chrome/70.0.3538.110 Safari/537.36', '/monitor/guestRecord', 'GET', 'pageSize=10&pageNum=1&userName=&clientIp=&operatingSystemName=&browser=&loginTime=2018-12-05 00:00 - 2018-12-05 23:59&_=1544001955705', '2018-12-05 17:25:56', '超级管理员', '141毫秒', 'false', null, '监控管理/查看访客记录', 'Computer', 'Windows', 'admin');
INSERT INTO `t_sys_monitor_log` VALUES ('A457F36D9B274D078E1F47AC73FAC99B', '192.168.0.100', 'Windows 10', 'Chrome', 'Mozilla/5.0 (Windows NT 10.0; WOW64) AppleWebKit/537.36 (KHTML, like Gecko) Chrome/70.0.3538.110 Safari/537.36', '/monitor/onlineUser', 'GET', 'pageSize=10&pageNum=1&userName=&clientIp=&deviceType=&loginTime=2018-12-05 00:00 - 2018-12-05 23:59&_=1544002014944', '2018-12-05 17:26:55', '超级管理员', '119毫秒', 'false', null, '监控管理/查看在线用户', 'Computer', 'Windows', 'admin');
INSERT INTO `t_sys_monitor_log` VALUES ('A6BD1FD2B6CB4DA1A9F2838AA4B743B6', '192.168.0.100', 'Windows 10', 'Chrome', 'Mozilla/5.0 (Windows NT 10.0; WOW64) AppleWebKit/537.36 (KHTML, like Gecko) Chrome/70.0.3538.110 Safari/537.36', '/personal/getUserInfo', 'GET', '', '2018-12-03 17:29:46', '超级管理员', '238毫秒', 'false', null, '个人中心/查看个人信息', 'Computer', 'Windows', 'admin');
INSERT INTO `t_sys_monitor_log` VALUES ('A8A07C37F4934BAA99C754CDC3B789C9', '192.168.0.100', 'Windows 10', 'Chrome', 'Mozilla/5.0 (Windows NT 10.0; WOW64) AppleWebKit/537.36 (KHTML, like Gecko) Chrome/70.0.3538.110 Safari/537.36', '/manage/login', 'POST', 'account=admin&password=******', '2018-12-03 17:09:07', '超级管理员', '1秒812毫秒', 'false', null, '登录登出/账号密码登录', 'Computer', 'Windows', 'admin');
INSERT INTO `t_sys_monitor_log` VALUES ('AC5D338764A847FDA280C556DA6A2261', '192.168.0.100', 'Windows 10', 'Chrome', 'Mozilla/5.0 (Windows NT 10.0; WOW64) AppleWebKit/537.36 (KHTML, like Gecko) Chrome/70.0.3538.110 Safari/537.36', '/monitor/server', 'GET', '', '2018-12-03 11:06:14', '超级管理员', '1毫秒', 'false', null, '监控管理/服务器监控', 'Computer', 'Windows', 'admin');
INSERT INTO `t_sys_monitor_log` VALUES ('AC7BA72EF7F44408A619947DE91EF65F', '192.168.0.100', 'Windows 10', 'Chrome', 'Mozilla/5.0 (Windows NT 10.0; WOW64) AppleWebKit/537.36 (KHTML, like Gecko) Chrome/70.0.3538.110 Safari/537.36', '/user/queryUser', 'GET', 'pageSize=10&pageNum=1&organizationId=&organizationName=&username=&account=&mailbox=&phone=&officePhone=&status=&createTime=&_=1543808032862', '2018-12-03 11:33:53', '超级管理员', '100毫秒', 'false', null, '用户管理/查看用户列表', 'Computer', 'Windows', 'admin');
INSERT INTO `t_sys_monitor_log` VALUES ('AE5B0AAFA31446E988BBA5166BE80E63', '192.168.0.100', 'Windows 10', 'Chrome', 'Mozilla/5.0 (Windows NT 10.0; WOW64) AppleWebKit/537.36 (KHTML, like Gecko) Chrome/70.0.3538.110 Safari/537.36', '/user/queryUser', 'GET', 'pageSize=10&pageNum=1&organizationId=&organizationName=&username=&account=&mailbox=&phone=&officePhone=&status=&createTime=2018-12-03 00:00 - 2018-12-03 23:59&_=1543807026855', '2018-12-03 11:17:07', '超级管理员', '125毫秒', 'false', null, '用户管理/查看用户列表', 'Computer', 'Windows', 'admin');
INSERT INTO `t_sys_monitor_log` VALUES ('AF64A75BD6BC48C3BDCBA7F0EA049526', '192.168.0.100', 'Windows 10', 'Chrome', 'Mozilla/5.0 (Windows NT 10.0; WOW64) AppleWebKit/537.36 (KHTML, like Gecko) Chrome/70.0.3538.110 Safari/537.36', '/manage/login', 'POST', 'account=admin&password=******', '2018-12-03 10:31:39', '超级管理员', '2秒32毫秒', 'false', null, '登录登出/账号密码登录', 'Computer', 'Windows', 'admin');
INSERT INTO `t_sys_monitor_log` VALUES ('AFEB7A29CDCD4B379F33B9A1A8F36BAC', '192.168.0.100', 'Windows 10', 'Chrome', 'Mozilla/5.0 (Windows NT 10.0; WOW64) AppleWebKit/537.36 (KHTML, like Gecko) Chrome/70.0.3538.110 Safari/537.36', '/personal/getUserInfo', 'GET', '', '2018-12-03 10:42:51', '超级管理员', '170毫秒', 'false', null, '个人中心/查看个人信息', 'Computer', 'Windows', 'admin');
INSERT INTO `t_sys_monitor_log` VALUES ('B086A07F5C9F4557A7315D5F26CB0370', '192.168.0.100', 'Windows 10', 'Chrome', 'Mozilla/5.0 (Windows NT 10.0; WOW64) AppleWebKit/537.36 (KHTML, like Gecko) Chrome/70.0.3538.110 Safari/537.36', '/role/queryRoles', 'GET', 'pageSize=10&pageNum=1&name=&_=1543829070567', '2018-12-03 17:24:31', '超级管理员', '156毫秒', 'false', null, '查看角色列表', 'Computer', 'Windows', 'admin');
INSERT INTO `t_sys_monitor_log` VALUES ('B2563074686A41E8995B0E08F548E8E7', '192.168.0.100', 'Windows 10', 'Chrome', 'Mozilla/5.0 (Windows NT 10.0; WOW64) AppleWebKit/537.36 (KHTML, like Gecko) Chrome/70.0.3538.110 Safari/537.36', '/manage/login', 'POST', 'account=admin&password=******', '2018-12-04 17:06:32', '超级管理员', '1秒266毫秒', 'false', null, '登录登出/账号密码登录', 'Computer', 'Windows', 'admin');
INSERT INTO `t_sys_monitor_log` VALUES ('B294CD90B4754711B179E82FF94F5078', '192.168.0.100', 'Windows 10', 'Chrome', 'Mozilla/5.0 (Windows NT 10.0; WOW64) AppleWebKit/537.36 (KHTML, like Gecko) Chrome/70.0.3538.110 Safari/537.36', '/monitor/guestRecord', 'GET', 'pageSize=10&pageNum=1&userName=&clientIp=&operatingSystemName=&browser=&loginTime=2018-12-05 00:00 - 2018-12-05 23:59&_=1544001928427', '2018-12-05 17:25:29', '超级管理员', '377毫秒', 'false', null, '监控管理/查看访客记录', 'Computer', 'Windows', 'admin');
INSERT INTO `t_sys_monitor_log` VALUES ('B2EEB5DD2B43407691559EE726B948AC', '192.168.0.100', 'Windows 10', 'Chrome', 'Mozilla/5.0 (Windows NT 10.0; WOW64) AppleWebKit/537.36 (KHTML, like Gecko) Chrome/70.0.3538.110 Safari/537.36', '/user/queryUser', 'GET', 'pageSize=10&pageNum=1&organizationId=&organizationName=&roleId=&type=&username=&account=&mailbox=&phone=&officePhone=&status=&createTime=&_=1543807483621', '2018-12-03 11:24:47', '超级管理员', '147毫秒', 'false', null, '用户管理/查看用户列表', 'Computer', 'Windows', 'admin');
INSERT INTO `t_sys_monitor_log` VALUES ('B32F86D300F4483A81F5573B1E008D38', '192.168.0.100', 'Windows 10', 'Chrome', 'Mozilla/5.0 (Windows NT 10.0; WOW64) AppleWebKit/537.36 (KHTML, like Gecko) Chrome/70.0.3538.110 Safari/537.36', '/role/findRoleById', 'GET', 'id=E6B44138D6794EE0B8C53654BB666A87', '2018-12-03 17:07:04', '超级管理员', '83毫秒', 'false', null, '查看角色详情', 'Computer', 'Windows', 'admin');
INSERT INTO `t_sys_monitor_log` VALUES ('B3399E0771C443448F00896DD51D340B', '192.168.0.100', 'Windows 10', 'Chrome', 'Mozilla/5.0 (Windows NT 10.0; WOW64) AppleWebKit/537.36 (KHTML, like Gecko) Chrome/70.0.3538.110 Safari/537.36', '/user/queryUser', 'GET', 'pageSize=10&pageNum=1&organizationId=&organizationName=&roleId=&type=&username=&account=&mailbox=&phone=&officePhone=&status=&createTime=&_=1543913102977', '2018-12-04 16:45:35', '超级管理员', '615毫秒', 'false', null, '用户管理/查看用户列表', 'Computer', 'Windows', 'admin');
INSERT INTO `t_sys_monitor_log` VALUES ('B44674183CB24DA8A7EDED46CEE4453C', '192.168.0.100', 'Windows 10', 'Chrome', 'Mozilla/5.0 (Windows NT 10.0; WOW64) AppleWebKit/537.36 (KHTML, like Gecko) Chrome/70.0.3538.110 Safari/537.36', '/user/getUserById', 'GET', 'id=048C50FDCE9647D58AFF479C4163726A', '2018-12-03 16:54:46', '超级管理员', '119毫秒', 'false', null, '用户管理/查看用户详情', 'Computer', 'Windows', 'admin');
INSERT INTO `t_sys_monitor_log` VALUES ('B4F41412940F4F958883C8E722394A73', '192.168.0.100', 'Windows 10', 'Chrome', 'Mozilla/5.0 (Windows NT 10.0; WOW64) AppleWebKit/537.36 (KHTML, like Gecko) Chrome/70.0.3538.110 Safari/537.36', '/personal/getUserInfo', 'GET', '', '2018-12-03 10:32:06', '超级管理员', '2秒259毫秒', 'false', null, '个人中心/查看个人信息', 'Computer', 'Windows', 'admin');
INSERT INTO `t_sys_monitor_log` VALUES ('B6148FBFD13F483AA916F8555D1B4217', '192.168.0.100', 'Windows 10', 'Chrome', 'Mozilla/5.0 (Windows NT 10.0; WOW64) AppleWebKit/537.36 (KHTML, like Gecko) Chrome/70.0.3538.110 Safari/537.36', '/monitor/queryLog', 'GET', 'pageSize=10&pageNum=5&operationDescription=&operationUsername=&clientIp=&operatingSystemName=&browser=&requestURI=&requestMethod=&operationTime=2018-11-30 00:00 - 2018-11-30 23:59&isError=&_=1543829661568', '2018-12-03 17:35:05', '超级管理员', '198毫秒', 'false', null, '监控管理/查询日志', 'Computer', 'Windows', 'admin');
INSERT INTO `t_sys_monitor_log` VALUES ('B75AD86A3B654A3CB0A817AD2C4ACDB6', '192.168.0.100', 'Windows 10', 'Chrome', 'Mozilla/5.0 (Windows NT 10.0; WOW64) AppleWebKit/537.36 (KHTML, like Gecko) Chrome/70.0.3538.110 Safari/537.36', '/manage/logout', 'GET', '', '2018-12-03 10:44:16', '张三', '90毫秒', 'false', null, '登录登出/用户登出', 'Computer', 'Windows', 'zhansan');
INSERT INTO `t_sys_monitor_log` VALUES ('BA45357BFB264CFE800D54A148A6D765', '192.168.0.100', 'Windows 10', 'Chrome', 'Mozilla/5.0 (Windows NT 10.0; WOW64) AppleWebKit/537.36 (KHTML, like Gecko) Chrome/70.0.3538.110 Safari/537.36', '/role/queryRoles', 'GET', 'pageSize=10&pageNum=1&name=&_=1543808155502', '2018-12-03 11:35:55', '超级管理员', '148毫秒', 'false', null, '查看角色列表', 'Computer', 'Windows', 'admin');
INSERT INTO `t_sys_monitor_log` VALUES ('BB6F17C11D654CE7BEC3BEE638E29E1D', '192.168.0.100', 'Windows 10', 'Chrome', 'Mozilla/5.0 (Windows NT 10.0; WOW64) AppleWebKit/537.36 (KHTML, like Gecko) Chrome/70.0.3538.110 Safari/537.36', '/organization/searchOrganization', 'GET', 'name=&personInCharge=&address=&officePhone=&_=1543828195119', '2018-12-03 17:09:55', '张三', '151毫秒', 'false', null, '机构管理/查看机构列表', 'Computer', 'Windows', 'zhansan');
INSERT INTO `t_sys_monitor_log` VALUES ('BD51D0605E1A4C77B443CE7C99FD934D', '192.168.0.100', 'Windows 10', 'Chrome', 'Mozilla/5.0 (Windows NT 10.0; WOW64) AppleWebKit/537.36 (KHTML, like Gecko) Chrome/70.0.3538.110 Safari/537.36', '/monitor/getCacheKeysByCond', 'GET', 'key=&_=1543991470606', '2018-12-05 14:32:58', '超级管理员', '36毫秒', 'false', null, '监控管理/查看缓存', 'Computer', 'Windows', 'admin');
INSERT INTO `t_sys_monitor_log` VALUES ('BE1633B34A624C8B80D69F1D96F210A3', '192.168.0.100', 'Windows 10', 'Chrome', 'Mozilla/5.0 (Windows NT 10.0; WOW64) AppleWebKit/537.36 (KHTML, like Gecko) Chrome/70.0.3538.110 Safari/537.36', '/personal/getUserInfo', 'GET', '', '2018-12-03 10:44:43', '超级管理员', '177毫秒', 'false', null, '个人中心/查看个人信息', 'Computer', 'Windows', 'admin');
INSERT INTO `t_sys_monitor_log` VALUES ('BE6DAA4E13204E49A90E021CF8F5F7FF', '192.168.0.100', 'Windows 10', 'Chrome', 'Mozilla/5.0 (Windows NT 10.0; WOW64) AppleWebKit/537.36 (KHTML, like Gecko) Chrome/70.0.3538.110 Safari/537.36', '/personal/getUserInfo', 'GET', '', '2018-12-03 11:02:18', '超级管理员', '197毫秒', 'false', null, '个人中心/查看个人信息', 'Computer', 'Windows', 'admin');
INSERT INTO `t_sys_monitor_log` VALUES ('BF86EA74AFE84B8DA92FCF075E548C2B', '192.168.0.100', 'Windows 10', 'Chrome', 'Mozilla/5.0 (Windows NT 10.0; WOW64) AppleWebKit/537.36 (KHTML, like Gecko) Chrome/70.0.3538.110 Safari/537.36', '/organization/searchOrganization', 'GET', 'name=&personInCharge=&address=&officePhone=&_=1543828502679', '2018-12-03 17:15:02', '张三', '183毫秒', 'false', null, '机构管理/查看机构列表', 'Computer', 'Windows', 'zhansan');
INSERT INTO `t_sys_monitor_log` VALUES ('BFCCA2969DC445CAA0324C7146B70612', '192.168.0.100', 'Windows 10', 'Chrome', 'Mozilla/5.0 (Windows NT 10.0; WOW64) AppleWebKit/537.36 (KHTML, like Gecko) Chrome/70.0.3538.110 Safari/537.36', '/role/queryRoles', 'GET', 'pageSize=10&pageNum=1&name=&_=1543897641991', '2018-12-04 12:27:22', '超级管理员', '452毫秒', 'false', null, '查看角色列表', 'Computer', 'Windows', 'admin');
INSERT INTO `t_sys_monitor_log` VALUES ('C033ECD2A52A482FA1DC48DE9FBDF901', '192.168.0.100', 'Windows 10', 'Chrome', 'Mozilla/5.0 (Windows NT 10.0; WOW64) AppleWebKit/537.36 (KHTML, like Gecko) Chrome/70.0.3538.110 Safari/537.36', '/user/queryUser', 'GET', 'pageSize=10&pageNum=1&organizationId=&organizationName=&username=&account=&mailbox=&phone=&officePhone=&status=&createTime=&_=1543913102976', '2018-12-04 16:45:04', '超级管理员', '680毫秒', 'false', null, '用户管理/查看用户列表', 'Computer', 'Windows', 'admin');
INSERT INTO `t_sys_monitor_log` VALUES ('C09CEB33394049D7A99F265F41DE68CB', '192.168.0.100', 'Windows 10', 'Chrome', 'Mozilla/5.0 (Windows NT 10.0; WOW64) AppleWebKit/537.36 (KHTML, like Gecko) Chrome/70.0.3538.110 Safari/537.36', '/monitor/getCacheKeysByCond', 'GET', 'key=&_=1543991470619', '2018-12-05 14:34:12', '超级管理员', '60毫秒', 'false', null, '监控管理/查看缓存', 'Computer', 'Windows', 'admin');
INSERT INTO `t_sys_monitor_log` VALUES ('C13B8C45B76C4073968CBF0956803AC8', '192.168.0.100', 'Windows 10', 'Chrome', 'Mozilla/5.0 (Windows NT 10.0; WOW64) AppleWebKit/537.36 (KHTML, like Gecko) Chrome/70.0.3538.110 Safari/537.36', '/manage/logout', 'GET', '', '2018-12-04 16:45:47', '超级管理员', '158毫秒', 'false', null, '登录登出/用户登出', 'Computer', 'Windows', 'admin');
INSERT INTO `t_sys_monitor_log` VALUES ('C1A95CBAD00C45A093287D8F9C0E3B45', '192.168.0.100', 'Windows 10', 'Chrome', 'Mozilla/5.0 (Windows NT 10.0; WOW64) AppleWebKit/537.36 (KHTML, like Gecko) Chrome/70.0.3538.110 Safari/537.36', '/manage/logout', 'GET', '', '2018-12-03 17:11:42', '张三', '146毫秒', 'false', null, '登录登出/用户登出', 'Computer', 'Windows', 'zhansan');
INSERT INTO `t_sys_monitor_log` VALUES ('C1EADFC070574D869C5247E859D04D0F', '192.168.0.100', 'Windows 10', 'Chrome', 'Mozilla/5.0 (Windows NT 10.0; WOW64) AppleWebKit/537.36 (KHTML, like Gecko) Chrome/70.0.3538.110 Safari/537.36', '/monitor/server', 'GET', '', '2018-12-03 18:27:41', '超级管理员', '1毫秒', 'false', null, '监控管理/服务器监控', 'Computer', 'Windows', 'admin');
INSERT INTO `t_sys_monitor_log` VALUES ('C2841A95733445248B94F32B1868AEB2', '192.168.0.100', 'Windows 10', 'Chrome', 'Mozilla/5.0 (Windows NT 10.0; WOW64) AppleWebKit/537.36 (KHTML, like Gecko) Chrome/70.0.3538.110 Safari/537.36', '/user/queryUser', 'GET', 'pageSize=10&pageNum=1&organizationId=&organizationName=&username=&account=&mailbox=&phone=&officePhone=&status=&_=1543806556139', '2018-12-03 11:09:16', '超级管理员', '600毫秒', 'false', null, '用户管理/查看用户列表', 'Computer', 'Windows', 'admin');
INSERT INTO `t_sys_monitor_log` VALUES ('C28E756C8DAF4C748E3704FB04614B80', '192.168.0.100', 'Windows 10', 'Chrome', 'Mozilla/5.0 (Windows NT 10.0; WOW64) AppleWebKit/537.36 (KHTML, like Gecko) Chrome/70.0.3538.110 Safari/537.36', '/user/queryUser', 'GET', 'pageSize=10&pageNum=1&organizationId=&organizationName=&username=&account=&mailbox=&phone=&officePhone=&status=&createTime=&_=1543807962722', '2018-12-03 11:32:43', '超级管理员', '125毫秒', 'false', null, '用户管理/查看用户列表', 'Computer', 'Windows', 'admin');
INSERT INTO `t_sys_monitor_log` VALUES ('C2C1E51C38B74DDF885C16CF9451C8FF', '192.168.0.100', 'Windows 10', 'Chrome', 'Mozilla/5.0 (Windows NT 10.0; WOW64) AppleWebKit/537.36 (KHTML, like Gecko) Chrome/70.0.3538.110 Safari/537.36', '/monitor/server', 'GET', '', '2018-12-03 11:05:40', '超级管理员', '1毫秒', 'false', null, '监控管理/服务器监控', 'Computer', 'Windows', 'admin');
INSERT INTO `t_sys_monitor_log` VALUES ('C549BEE49428459497BD475DFD055F7A', '192.168.0.100', 'Windows 10', 'Chrome', 'Mozilla/5.0 (Windows NT 10.0; WOW64) AppleWebKit/537.36 (KHTML, like Gecko) Chrome/70.0.3538.110 Safari/537.36', '/manage/login', 'POST', 'account=admin&password=******', '2018-12-03 17:16:22', '超级管理员', '873毫秒', 'false', null, '登录登出/账号密码登录', 'Computer', 'Windows', 'admin');
INSERT INTO `t_sys_monitor_log` VALUES ('C5C6C2B3DE7A421C8E56609191FDA5C8', '192.168.0.100', 'Windows 10', 'Chrome', 'Mozilla/5.0 (Windows NT 10.0; WOW64) AppleWebKit/537.36 (KHTML, like Gecko) Chrome/70.0.3538.110 Safari/537.36', '/user/queryUser', 'GET', 'pageSize=10&pageNum=1&organizationId=&organizationName=&roleId=&type=&username=&account=&mailbox=&phone=&officePhone=&status=&createTime=&_=1543828052326', '2018-12-03 17:07:52', '超级管理员', '112毫秒', 'false', null, '用户管理/查看用户列表', 'Computer', 'Windows', 'admin');
INSERT INTO `t_sys_monitor_log` VALUES ('C7009B55CCEA45428E3DE99A26955B14', '192.168.0.100', 'Windows 10', 'Chrome', 'Mozilla/5.0 (Windows NT 10.0; WOW64) AppleWebKit/537.36 (KHTML, like Gecko) Chrome/70.0.3538.110 Safari/537.36', '/personal/getUserInfo', 'GET', '', '2018-12-03 10:33:09', '超级管理员', '241毫秒', 'false', null, '个人中心/查看个人信息', 'Computer', 'Windows', 'admin');
INSERT INTO `t_sys_monitor_log` VALUES ('C7C650F762934FCBB727B480FDD007F0', '192.168.0.100', 'Windows 10', 'Chrome', 'Mozilla/5.0 (Windows NT 10.0; WOW64) AppleWebKit/537.36 (KHTML, like Gecko) Chrome/70.0.3538.110 Safari/537.36', '/user/queryUser', 'GET', 'pageSize=10&pageNum=1&organizationId=&organizationName=&username=&account=&mailbox=&phone=&officePhone=&status=&createTime=2018-12-03 00:00 - 2018-12-03 23:59&_=1543806952117', '2018-12-03 11:15:52', '超级管理员', '191毫秒', 'false', null, '用户管理/查看用户列表', 'Computer', 'Windows', 'admin');
INSERT INTO `t_sys_monitor_log` VALUES ('C7E4B63D517046E4A2A70B2B6F45072E', '192.168.0.100', 'Windows 10', 'Chrome', 'Mozilla/5.0 (Windows NT 10.0; WOW64) AppleWebKit/537.36 (KHTML, like Gecko) Chrome/70.0.3538.110 Safari/537.36', '/user/queryUser', 'GET', 'pageSize=10&pageNum=1&organizationId=&organizationName=&username=&account=&mailbox=&phone=&officePhone=&status=&createTime=&_=1543828215975', '2018-12-03 17:10:16', '张三', '176毫秒', 'false', null, '用户管理/查看用户列表', 'Computer', 'Windows', 'zhansan');
INSERT INTO `t_sys_monitor_log` VALUES ('C943A1C9A1804723BCB0387104C8FAAA', '192.168.0.100', 'Windows 10', 'Chrome', 'Mozilla/5.0 (Windows NT 10.0; WOW64) AppleWebKit/537.36 (KHTML, like Gecko) Chrome/70.0.3538.110 Safari/537.36', '/monitor/onlineUser', 'GET', 'pageSize=10&pageNum=1&userName=&clientIp=&deviceType=&loginTime=2018-12-03 00:00 - 2018-12-03 23:59&_=1543804384023', '2018-12-03 10:33:04', '超级管理员', '140毫秒', 'false', null, '监控管理/查看在线用户', 'Computer', 'Windows', 'admin');
INSERT INTO `t_sys_monitor_log` VALUES ('C958B4E2A32A4440A5876DE4A0016BE5', '192.168.0.100', 'Windows 10', 'Chrome', 'Mozilla/5.0 (Windows NT 10.0; WOW64) AppleWebKit/537.36 (KHTML, like Gecko) Chrome/70.0.3538.110 Safari/537.36', '/monitor/queryLog', 'GET', 'pageSize=10&pageNum=1&operationDescription=&operationUsername=&clientIp=&operatingSystemName=&browser=&requestURI=&requestMethod=&operationTime=2018-12-03 00:00 - 2018-12-03 23:59&isError=&_=1543829661561', '2018-12-03 17:34:22', '超级管理员', '255毫秒', 'false', null, '监控管理/查询日志', 'Computer', 'Windows', 'admin');
INSERT INTO `t_sys_monitor_log` VALUES ('CA8ECC5D21F142FAA7F14B7DC7EB37CC', '192.168.0.100', 'Windows 10', 'Chrome', 'Mozilla/5.0 (Windows NT 10.0; WOW64) AppleWebKit/537.36 (KHTML, like Gecko) Chrome/70.0.3538.110 Safari/537.36', '/monitor/queryLog', 'GET', 'pageSize=10&pageNum=23&operationDescription=&operationUsername=&clientIp=&operatingSystemName=&browser=&requestURI=&requestMethod=&operationTime=2018-11-30 00:00 - 2018-11-30 23:59&isError=&_=1543829661569', '2018-12-03 17:35:07', '超级管理员', '369毫秒', 'false', null, '监控管理/查询日志', 'Computer', 'Windows', 'admin');
INSERT INTO `t_sys_monitor_log` VALUES ('CA997AF6530E43F392D600CE3DE81F19', '192.168.0.100', 'Windows 10', 'Chrome', 'Mozilla/5.0 (Windows NT 10.0; WOW64) AppleWebKit/537.36 (KHTML, like Gecko) Chrome/70.0.3538.110 Safari/537.36', '/role/queryRoles', 'GET', 'pageSize=10&pageNum=1&name=&_=1543829605112', '2018-12-03 17:33:25', '超级管理员', '88毫秒', 'false', null, '查看角色列表', 'Computer', 'Windows', 'admin');
INSERT INTO `t_sys_monitor_log` VALUES ('CB0BCFFDF13B42FD9CC8D5E47A530FC7', '192.168.0.100', 'Windows 10', 'Chrome', 'Mozilla/5.0 (Windows NT 10.0; WOW64) AppleWebKit/537.36 (KHTML, like Gecko) Chrome/70.0.3538.110 Safari/537.36', '/organization/searchOrganization', 'GET', 'name=&personInCharge=&address=&officePhone=&_=1543897639398', '2018-12-04 12:27:20', '超级管理员', '330毫秒', 'false', null, '机构管理/查看机构列表', 'Computer', 'Windows', 'admin');
INSERT INTO `t_sys_monitor_log` VALUES ('CD10B5C4459040E485ADFE2A4B292208', '192.168.0.100', 'Windows 10', 'Chrome', 'Mozilla/5.0 (Windows NT 10.0; WOW64) AppleWebKit/537.36 (KHTML, like Gecko) Chrome/70.0.3538.110 Safari/537.36', '/manage/logout', 'GET', '', '2018-12-04 16:46:04', '李四', '176毫秒', 'false', null, '登录登出/用户登出', 'Computer', 'Windows', 'lisi');
INSERT INTO `t_sys_monitor_log` VALUES ('CF373355DA0044A1AC000D066D84F250', '192.168.0.100', 'Windows 10', 'Chrome', 'Mozilla/5.0 (Windows NT 10.0; WOW64) AppleWebKit/537.36 (KHTML, like Gecko) Chrome/70.0.3538.110 Safari/537.36', '/organization/searchOrganization', 'GET', 'name=&personInCharge=&address=&officePhone=&_=1543828592288', '2018-12-03 17:16:32', '超级管理员', '127毫秒', 'false', null, '机构管理/查看机构列表', 'Computer', 'Windows', 'admin');
INSERT INTO `t_sys_monitor_log` VALUES ('CFD424E90D7A471890DDDD5BBF23A869', '192.168.0.100', 'Windows 10', 'Chrome', 'Mozilla/5.0 (Windows NT 10.0; WOW64) AppleWebKit/537.36 (KHTML, like Gecko) Chrome/70.0.3538.110 Safari/537.36', '/manage/login', 'POST', 'account=zhansan&password=******', '2018-12-03 10:43:56', '张三', '762毫秒', 'false', null, '登录登出/账号密码登录', 'Computer', 'Windows', 'zhansan');
INSERT INTO `t_sys_monitor_log` VALUES ('D1CAA0D3DB1549958A1D4C38432E9D54', '192.168.0.100', 'Windows 10', 'Chrome', 'Mozilla/5.0 (Windows NT 10.0; WOW64) AppleWebKit/537.36 (KHTML, like Gecko) Chrome/70.0.3538.110 Safari/537.36', '/monitor/getCacheKeysByCond', 'GET', 'key=&_=1543991470600', '2018-12-05 14:31:38', '超级管理员', '33毫秒', 'false', null, '监控管理/查看缓存', 'Computer', 'Windows', 'admin');
INSERT INTO `t_sys_monitor_log` VALUES ('D30AC30A2ACE4185B6C625874D04F63E', '192.168.0.100', 'Windows 10', 'Chrome', 'Mozilla/5.0 (Windows NT 10.0; WOW64) AppleWebKit/537.36 (KHTML, like Gecko) Chrome/70.0.3538.110 Safari/537.36', '/user/queryUser', 'GET', 'pageSize=10&pageNum=1&organizationId=&organizationName=&username=&account=&mailbox=&phone=&officePhone=&status=&createTime=&_=1543808426699', '2018-12-03 11:40:26', '超级管理员', '127毫秒', 'false', null, '用户管理/查看用户列表', 'Computer', 'Windows', 'admin');
INSERT INTO `t_sys_monitor_log` VALUES ('D3160659A21A4C25BFCE140C9E1CDBF5', '192.168.0.100', 'Windows 10', 'Chrome', 'Mozilla/5.0 (Windows NT 10.0; WOW64) AppleWebKit/537.36 (KHTML, like Gecko) Chrome/70.0.3538.110 Safari/537.36', '/manage/login', 'POST', 'account=admin&password=******', '2018-12-03 18:27:35', '超级管理员', '1秒380毫秒', 'false', null, '登录登出/账号密码登录', 'Computer', 'Windows', 'admin');
INSERT INTO `t_sys_monitor_log` VALUES ('D354A2E9B22E4FE1912321F03BD66CC6', '192.168.0.100', 'Windows 10', 'Chrome', 'Mozilla/5.0 (Windows NT 10.0; WOW64) AppleWebKit/537.36 (KHTML, like Gecko) Chrome/70.0.3538.110 Safari/537.36', '/user/getUserById', 'GET', 'id=D50F1B8D614D470E9A1B4B858E9278E6', '2018-12-03 17:15:43', '超级管理员', '100毫秒', 'false', null, '用户管理/查看用户详情', 'Computer', 'Windows', 'admin');
INSERT INTO `t_sys_monitor_log` VALUES ('D56C44859C9E46698624FC2B4EC5BC9A', '192.168.0.100', 'Windows 10', 'Chrome', 'Mozilla/5.0 (Windows NT 10.0; WOW64) AppleWebKit/537.36 (KHTML, like Gecko) Chrome/70.0.3538.110 Safari/537.36', '/manage/logout', 'GET', '', '2018-12-03 11:20:37', '超级管理员', '151毫秒', 'false', null, '登录登出/用户登出', 'Computer', 'Windows', 'admin');
INSERT INTO `t_sys_monitor_log` VALUES ('D88338ECA64248478C5ADE1109D96B0B', '192.168.0.100', 'Windows 10', 'Chrome', 'Mozilla/5.0 (Windows NT 10.0; WOW64) AppleWebKit/537.36 (KHTML, like Gecko) Chrome/70.0.3538.110 Safari/537.36', '/manage/login', 'POST', 'account=admin&password=******', '2018-12-04 12:27:10', '超级管理员', '1秒431毫秒', 'false', null, '登录登出/账号密码登录', 'Computer', 'Windows', 'admin');
INSERT INTO `t_sys_monitor_log` VALUES ('D8BE6FDE6120455A89C8C838C56F1980', '192.168.0.100', 'Windows 10', 'Chrome', 'Mozilla/5.0 (Windows NT 10.0; WOW64) AppleWebKit/537.36 (KHTML, like Gecko) Chrome/70.0.3538.110 Safari/537.36', '/user/queryUser', 'GET', 'pageSize=10&pageNum=1&organizationId=&organizationName=&roleId=&type=&username=&account=&mailbox=&phone=&officePhone=&status=&createTime=2018-12-03 00:00 - 2018-12-03 23:59&_=1543807929368', '2018-12-03 11:32:38', '超级管理员', '97毫秒', 'false', null, '用户管理/查看用户列表', 'Computer', 'Windows', 'admin');
INSERT INTO `t_sys_monitor_log` VALUES ('D8D91CDEFCE546D29B9EF9FE8FA1F138', '192.168.0.100', 'Windows 10', 'Chrome', 'Mozilla/5.0 (Windows NT 10.0; WOW64) AppleWebKit/537.36 (KHTML, like Gecko) Chrome/70.0.3538.110 Safari/537.36', '/manage/logout', 'GET', '', '2018-12-05 17:27:52', '超级管理员', '405毫秒', 'false', null, '登录登出/用户登出', 'Computer', 'Windows', 'admin');
INSERT INTO `t_sys_monitor_log` VALUES ('DA563262CA65492A9F85C0D97FCCAF23', '192.168.0.100', 'Windows 10', 'Chrome', 'Mozilla/5.0 (Windows NT 10.0; WOW64) AppleWebKit/537.36 (KHTML, like Gecko) Chrome/70.0.3538.110 Safari/537.36', '/user/queryUser', 'GET', 'pageSize=10&pageNum=1&organizationId=&organizationName=&username=&account=&mailbox=&phone=&officePhone=&status=&createTime=2018-12-03 00:00 - 2018-12-03 23:59&_=1543807483620', '2018-12-03 11:24:43', '超级管理员', '150毫秒', 'false', null, '用户管理/查看用户列表', 'Computer', 'Windows', 'admin');
INSERT INTO `t_sys_monitor_log` VALUES ('DA8C246135294CBF84ADE4E23A3B472E', '192.168.0.100', 'Windows 10', 'Chrome', 'Mozilla/5.0 (Windows NT 10.0; WOW64) AppleWebKit/537.36 (KHTML, like Gecko) Chrome/70.0.3538.110 Safari/537.36', '/user/queryUser', 'GET', 'pageSize=10&pageNum=1&organizationId=&organizationName=&roleId=&type=&username=&account=&mailbox=&phone=&officePhone=&status=&createTime=&_=1543807365873', '2018-12-03 11:23:22', '超级管理员', '127毫秒', 'false', null, '用户管理/查看用户列表', 'Computer', 'Windows', 'admin');
INSERT INTO `t_sys_monitor_log` VALUES ('DB00CF4FACBB42EF920A889D948E4B8C', '192.168.0.100', 'Windows 10', 'Chrome', 'Mozilla/5.0 (Windows NT 10.0; WOW64) AppleWebKit/537.36 (KHTML, like Gecko) Chrome/70.0.3538.110 Safari/537.36', '/menu/getRoot', 'GET', 'order=asc&_=1543828598771', '2018-12-03 17:16:39', '超级管理员', '93毫秒', 'false', null, '菜单管理/查看菜单列表', 'Computer', 'Windows', 'admin');
INSERT INTO `t_sys_monitor_log` VALUES ('DC7CF657F6F444388D05CDC9974ABD34', '192.168.0.100', 'Windows 10', 'Chrome', 'Mozilla/5.0 (Windows NT 10.0; WOW64) AppleWebKit/537.36 (KHTML, like Gecko) Chrome/70.0.3538.110 Safari/537.36', '/role/updateRole', 'POST', 'id=AE17FE084EF74E169CCFDF7C12765A95&name=系统架构师&type=中层&description=&menuIds=444CB011FCB04E5B9C7D710117E2A1BA,3804BFD84B0441EFA0B99C85622C7733,660A7FD98FCB4B0FAE515853747FDEBF,51646DCE7D7F42C4B58378C4E1CD02E9', '2018-12-03 16:54:17', '超级管理员', '153毫秒', 'false', null, '修改角色', 'Computer', 'Windows', 'admin');
INSERT INTO `t_sys_monitor_log` VALUES ('DD3D3BFFC39F4432A8EE948ADF47A629', '192.168.0.100', 'Windows 10', 'Chrome', 'Mozilla/5.0 (Windows NT 10.0; WOW64) AppleWebKit/537.36 (KHTML, like Gecko) Chrome/70.0.3538.110 Safari/537.36', '/manage/login', 'POST', 'account=admin&password=******', '2018-12-05 14:30:47', '超级管理员', '1秒419毫秒', 'false', null, '登录登出/账号密码登录', 'Computer', 'Windows', 'admin');
INSERT INTO `t_sys_monitor_log` VALUES ('E04163C6B3B74F7EA424D3B706349C09', '192.168.0.100', 'Windows 10', 'Chrome', 'Mozilla/5.0 (Windows NT 10.0; WOW64) AppleWebKit/537.36 (KHTML, like Gecko) Chrome/70.0.3538.110 Safari/537.36', '/personal/getUserInfo', 'GET', '', '2018-12-04 17:07:31', '超级管理员', '255毫秒', 'false', null, '个人中心/查看个人信息', 'Computer', 'Windows', 'admin');
INSERT INTO `t_sys_monitor_log` VALUES ('E1066FC9FF524A8791E4CB75E36FEE45', '192.168.0.100', 'Windows 10', 'Chrome', 'Mozilla/5.0 (Windows NT 10.0; WOW64) AppleWebKit/537.36 (KHTML, like Gecko) Chrome/70.0.3538.110 Safari/537.36', '/user/updateUser', 'POST', 'id=048C50FDCE9647D58AFF479C4163726A&organizationId=100001&type=管理员&account=admin&username=超级管理员&sex=男&mailbox=1319404727@qq.com&phone=13838384388&officePhone=938-236-5632&description=&roleIds=AE17FE084EF74E169CCFDF7C12765A95', '2018-12-03 17:07:42', '超级管理员', '115毫秒', 'false', null, '用户管理/修改用户', 'Computer', 'Windows', 'admin');
INSERT INTO `t_sys_monitor_log` VALUES ('E23C9D908C27487582379133D64B1049', '192.168.0.100', 'Windows 10', 'Chrome', 'Mozilla/5.0 (Windows NT 10.0; WOW64) AppleWebKit/537.36 (KHTML, like Gecko) Chrome/70.0.3538.110 Safari/537.36', '/manage/login', 'POST', 'account=admin&password=******', '2018-12-03 10:44:17', '超级管理员', '447毫秒', 'false', null, '登录登出/账号密码登录', 'Computer', 'Windows', 'admin');
INSERT INTO `t_sys_monitor_log` VALUES ('E39CB9FB19604280845AE0C28D68C84F', '192.168.0.100', 'Windows 10', 'Chrome', 'Mozilla/5.0 (Windows NT 10.0; WOW64) AppleWebKit/537.36 (KHTML, like Gecko) Chrome/70.0.3538.110 Safari/537.36', '/organization/searchOrganization', 'GET', 'name=&personInCharge=&address=&officePhone=&_=1543808149303', '2018-12-03 11:35:49', '超级管理员', '125毫秒', 'false', null, '机构管理/查看机构列表', 'Computer', 'Windows', 'admin');
INSERT INTO `t_sys_monitor_log` VALUES ('E455473BE3614E4A933D7EF2981FA82B', '192.168.0.100', 'Windows 10', 'Chrome', 'Mozilla/5.0 (Windows NT 10.0; WOW64) AppleWebKit/537.36 (KHTML, like Gecko) Chrome/70.0.3538.110 Safari/537.36', '/monitor/queryLog', 'GET', 'pageSize=10&pageNum=1&operationDescription=&operationUsername=&clientIp=&operatingSystemName=&browser=&requestURI=&requestMethod=&operationTime=2018-12-05 00:00 - 2018-12-05 23:59&isError=&_=1544002054509', '2018-12-05 17:27:34', '超级管理员', '188毫秒', 'false', null, '监控管理/查询日志', 'Computer', 'Windows', 'admin');
INSERT INTO `t_sys_monitor_log` VALUES ('E506ED9E7DB145269F19E442E225982B', '192.168.0.100', 'Windows 10', 'Chrome', 'Mozilla/5.0 (Windows NT 10.0; WOW64) AppleWebKit/537.36 (KHTML, like Gecko) Chrome/70.0.3538.110 Safari/537.36', '/manage/login', 'POST', 'account=admin&password=******', '2018-12-04 16:44:56', '超级管理员', '1秒412毫秒', 'false', null, '登录登出/账号密码登录', 'Computer', 'Windows', 'admin');
INSERT INTO `t_sys_monitor_log` VALUES ('E687BEE3EF494082A8B7B337856D95BE', '192.168.0.100', 'Windows 10', 'Chrome', 'Mozilla/5.0 (Windows NT 10.0; WOW64) AppleWebKit/537.36 (KHTML, like Gecko) Chrome/70.0.3538.110 Safari/537.36', '/user/queryUser', 'GET', 'pageSize=10&pageNum=1&organizationId=&organizationName=&username=&account=&mailbox=&phone=&officePhone=&status=&createTime=&_=1543914432682', '2018-12-04 17:07:14', '超级管理员', '392毫秒', 'false', null, '用户管理/查看用户列表', 'Computer', 'Windows', 'admin');
INSERT INTO `t_sys_monitor_log` VALUES ('E6FB8E00A5804EC295AA16DCC87AD145', '192.168.0.100', 'Windows 10', 'Chrome', 'Mozilla/5.0 (Windows NT 10.0; WOW64) AppleWebKit/537.36 (KHTML, like Gecko) Chrome/70.0.3538.110 Safari/537.36', '/manage/logout', 'GET', '', '2018-12-03 10:32:58', '超级管理员', '171毫秒', 'false', null, '登录登出/用户登出', 'Computer', 'Windows', 'admin');
INSERT INTO `t_sys_monitor_log` VALUES ('E930E83D89484CC9B2D720756B9FC9D8', '192.168.0.100', 'Windows 10', 'Chrome', 'Mozilla/5.0 (Windows NT 10.0; WOW64) AppleWebKit/537.36 (KHTML, like Gecko) Chrome/70.0.3538.110 Safari/537.36', '/role/findRoleById', 'GET', 'id=AE17FE084EF74E169CCFDF7C12765A95', '2018-12-03 17:07:25', '超级管理员', '73毫秒', 'false', null, '查看角色详情', 'Computer', 'Windows', 'admin');
INSERT INTO `t_sys_monitor_log` VALUES ('E9863195FA044F27A7542D24A8723A0D', '192.168.0.100', 'Windows 10', 'Chrome', 'Mozilla/5.0 (Windows NT 10.0; WOW64) AppleWebKit/537.36 (KHTML, like Gecko) Chrome/70.0.3538.110 Safari/537.36', '/manage/logout', 'GET', '', '2018-12-03 17:17:39', '超级管理员', '101毫秒', 'false', null, '登录登出/用户登出', 'Computer', 'Windows', 'admin');
INSERT INTO `t_sys_monitor_log` VALUES ('EA3F0549D3EA4E968448C7CBE963E91A', '192.168.0.100', 'Windows 10', 'Chrome', 'Mozilla/5.0 (Windows NT 10.0; WOW64) AppleWebKit/537.36 (KHTML, like Gecko) Chrome/70.0.3538.110 Safari/537.36', '/role/queryRoles', 'GET', 'pageSize=10&pageNum=1&name=&_=1543828213130', '2018-12-03 17:10:13', '张三', '384毫秒', 'false', null, '查看角色列表', 'Computer', 'Windows', 'zhansan');
INSERT INTO `t_sys_monitor_log` VALUES ('EA90EB35C33D42DEA98894BE1B22A3AE', '192.168.0.100', 'Windows 10', 'Chrome', 'Mozilla/5.0 (Windows NT 10.0; WOW64) AppleWebKit/537.36 (KHTML, like Gecko) Chrome/70.0.3538.110 Safari/537.36', '/menu/getRoot', 'GET', 'order=asc&_=1543809978805', '2018-12-03 12:06:19', '超级管理员', '93毫秒', 'false', null, '菜单管理/查看菜单列表', 'Computer', 'Windows', 'admin');
INSERT INTO `t_sys_monitor_log` VALUES ('EAE5BB5A1D5C41F6A8D968AA1397189F', '192.168.0.100', 'Windows 10', 'Chrome', 'Mozilla/5.0 (Windows NT 10.0; WOW64) AppleWebKit/537.36 (KHTML, like Gecko) Chrome/70.0.3538.110 Safari/537.36', '/monitor/guestRecord', 'GET', 'pageSize=10&pageNum=1&userName=&clientIp=&operatingSystemName=&browser=&loginTime=2018-12-04 00:00 - 2018-12-04 23:59&_=1543914403550', '2018-12-04 17:06:44', '超级管理员', '412毫秒', 'false', null, '监控管理/查看访客记录', 'Computer', 'Windows', 'admin');
INSERT INTO `t_sys_monitor_log` VALUES ('ECD2B76043C84C02BA34FA3C13A5C087', '192.168.0.100', 'Windows 10', 'Chrome', 'Mozilla/5.0 (Windows NT 10.0; WOW64) AppleWebKit/537.36 (KHTML, like Gecko) Chrome/70.0.3538.110 Safari/537.36', '/manage/logout', 'GET', '', '2018-12-03 17:18:05', '张三', '111毫秒', 'false', null, '登录登出/用户登出', 'Computer', 'Windows', 'zhansan');
INSERT INTO `t_sys_monitor_log` VALUES ('ED259793F4AF40CA8DEC85126A9FCDFD', '192.168.0.100', 'Windows 10', 'Chrome', 'Mozilla/5.0 (Windows NT 10.0; WOW64) AppleWebKit/537.36 (KHTML, like Gecko) Chrome/70.0.3538.110 Safari/537.36', '/monitor/queryLog', 'GET', 'pageSize=10&pageNum=1&operationDescription=&operationUsername=&clientIp=&operatingSystemName=&browser=&requestURI=&requestMethod=&operationTime=2018-12-03 00:00 - 2018-12-03 23:59&isError=true&_=1543829661562', '2018-12-03 17:34:27', '超级管理员', '157毫秒', 'false', null, '监控管理/查询日志', 'Computer', 'Windows', 'admin');
INSERT INTO `t_sys_monitor_log` VALUES ('EE10FE8C7DA24132B8CC10A7A43A078B', '192.168.0.100', 'Windows 10', 'Chrome', 'Mozilla/5.0 (Windows NT 10.0; WOW64) AppleWebKit/537.36 (KHTML, like Gecko) Chrome/70.0.3538.110 Safari/537.36', '/menu/removeMenu', 'POST', 'id=5DC2DBA1D08F4BED9795B8A855ABD961', '2018-12-05 17:26:45', '超级管理员', '79毫秒', 'false', null, '菜单管理/删除菜单', 'Computer', 'Windows', 'admin');
INSERT INTO `t_sys_monitor_log` VALUES ('EE3A3176D0F045E9986AF924F7A56924', '192.168.0.100', 'Windows 10', 'Chrome', 'Mozilla/5.0 (Windows NT 10.0; WOW64) AppleWebKit/537.36 (KHTML, like Gecko) Chrome/70.0.3538.110 Safari/537.36', '/monitor/getCacheKeysByCond', 'GET', 'key=&_=1543991470615', '2018-12-05 14:33:39', '超级管理员', '39毫秒', 'false', null, '监控管理/查看缓存', 'Computer', 'Windows', 'admin');
INSERT INTO `t_sys_monitor_log` VALUES ('EEC612CC261C4701B85019A8E955FE6D', '192.168.0.100', 'Windows 10', 'Chrome', 'Mozilla/5.0 (Windows NT 10.0; WOW64) AppleWebKit/537.36 (KHTML, like Gecko) Chrome/70.0.3538.110 Safari/537.36', '/user/updateUser', 'POST', 'id=D50F1B8D614D470E9A1B4B858E9278E6&organizationId=100005&type=正式&account=zhansan&username=张三&sex=男&mailbox=&phone=&officePhone=&description=张三的描述&roleIds=A6995037BEE848A6B6507AF5BC5C7751', '2018-12-03 17:17:35', '超级管理员', '127毫秒', 'false', null, '用户管理/修改用户', 'Computer', 'Windows', 'admin');
INSERT INTO `t_sys_monitor_log` VALUES ('EF0C07E55B4040E6AE8EA84F2845D317', '192.168.0.100', 'Windows 10', 'Chrome', 'Mozilla/5.0 (Windows NT 10.0; WOW64) AppleWebKit/537.36 (KHTML, like Gecko) Chrome/70.0.3538.110 Safari/537.36', '/manage/logout', 'GET', '', '2018-12-03 17:16:20', '张三', '117毫秒', 'false', null, '登录登出/用户登出', 'Computer', 'Windows', 'zhansan');
INSERT INTO `t_sys_monitor_log` VALUES ('F27C0AF8E66F43EB879E7AC475943621', '192.168.0.100', 'Windows 10', 'Chrome', 'Mozilla/5.0 (Windows NT 10.0; WOW64) AppleWebKit/537.36 (KHTML, like Gecko) Chrome/70.0.3538.110 Safari/537.36', '/user/getUserById', 'GET', 'id=048C50FDCE9647D58AFF479C4163726A', '2018-12-03 10:32:35', '超级管理员', '173毫秒', 'false', null, '用户管理/查看用户详情', 'Computer', 'Windows', 'admin');
INSERT INTO `t_sys_monitor_log` VALUES ('F5A05C3075AC4D7D9DA8C7595B6CA190', '192.168.0.100', 'Windows 10', 'Chrome', 'Mozilla/5.0 (Windows NT 10.0; WOW64) AppleWebKit/537.36 (KHTML, like Gecko) Chrome/70.0.3538.110 Safari/537.36', '/monitor/guestRecord', 'GET', 'pageSize=10&pageNum=1&userName=&clientIp=&operatingSystemName=&browser=&loginTime=2018-12-05 00:00 - 2018-12-05 23:59&_=1544001928429', '2018-12-05 17:25:37', '超级管理员', '119毫秒', 'false', null, '监控管理/查看访客记录', 'Computer', 'Windows', 'admin');
INSERT INTO `t_sys_monitor_log` VALUES ('F62228F65A864420848D7CC311969807', '192.168.0.100', 'Windows 10', 'Chrome', 'Mozilla/5.0 (Windows NT 10.0; WOW64) AppleWebKit/537.36 (KHTML, like Gecko) Chrome/70.0.3538.110 Safari/537.36', '/monitor/getCacheKeysByCond', 'GET', 'key=&_=1543991470604', '2018-12-05 14:32:29', '超级管理员', '30毫秒', 'false', null, '监控管理/查看缓存', 'Computer', 'Windows', 'admin');
INSERT INTO `t_sys_monitor_log` VALUES ('F6DAAB0D85414A41BEDEA823857CF79F', '192.168.0.100', 'Windows 10', 'Chrome', 'Mozilla/5.0 (Windows NT 10.0; WOW64) AppleWebKit/537.36 (KHTML, like Gecko) Chrome/70.0.3538.110 Safari/537.36', '/user/getUserById', 'GET', 'id=D50F1B8D614D470E9A1B4B858E9278E6', '2018-12-03 17:16:12', '张三', '93毫秒', 'false', null, '用户管理/查看用户详情', 'Computer', 'Windows', 'zhansan');
INSERT INTO `t_sys_monitor_log` VALUES ('F887E3BF2E8F449485EC12856D1B83EB', '192.168.0.100', 'Windows 10', 'Chrome', 'Mozilla/5.0 (Windows NT 10.0; WOW64) AppleWebKit/537.36 (KHTML, like Gecko) Chrome/70.0.3538.110 Safari/537.36', '/monitor/guestRecord', 'GET', 'pageSize=10&pageNum=1&userName=&clientIp=&operatingSystemName=&browser=&loginTime=2018-12-05 00:00 - 2018-12-05 23:59&_=1544001928430', '2018-12-05 17:25:40', '超级管理员', '110毫秒', 'false', null, '监控管理/查看访客记录', 'Computer', 'Windows', 'admin');
INSERT INTO `t_sys_monitor_log` VALUES ('F893EC9A1E4C47589B23EDC7715F54F5', '192.168.0.100', 'Windows 10', 'Chrome', 'Mozilla/5.0 (Windows NT 10.0; WOW64) AppleWebKit/537.36 (KHTML, like Gecko) Chrome/70.0.3538.110 Safari/537.36', '/role/findRoleById', 'GET', 'id=AE17FE084EF74E169CCFDF7C12765A95', '2018-12-03 11:36:09', '超级管理员', '88毫秒', 'false', null, '查看角色详情', 'Computer', 'Windows', 'admin');
INSERT INTO `t_sys_monitor_log` VALUES ('F9EE3DC6117144E6849FC565E8D98CBB', '192.168.0.100', 'Windows 10', 'Chrome', 'Mozilla/5.0 (Windows NT 10.0; WOW64) AppleWebKit/537.36 (KHTML, like Gecko) Chrome/70.0.3538.110 Safari/537.36', '/monitor/guestRecord', 'GET', 'pageSize=10&pageNum=1&userName=&clientIp=&operatingSystemName=&browser=&loginTime=2018-12-05 00:00 - 2018-12-05 23:59&_=1544002016706', '2018-12-05 17:26:56', '超级管理员', '116毫秒', 'false', null, '监控管理/查看访客记录', 'Computer', 'Windows', 'admin');
INSERT INTO `t_sys_monitor_log` VALUES ('FC3FD546BC5C40CA92E9FF73BF19FE61', '192.168.0.100', 'Windows 10', 'Chrome', 'Mozilla/5.0 (Windows NT 10.0; WOW64) AppleWebKit/537.36 (KHTML, like Gecko) Chrome/70.0.3538.110 Safari/537.36', '/monitor/queryLog', 'GET', 'pageSize=10&pageNum=1&operationDescription=&operationUsername=&clientIp=&operatingSystemName=&browser=&requestURI=&requestMethod=&operationTime=2018-12-05 00:00 - 2018-12-05 23:59&isError=&_=1544000497299', '2018-12-05 17:01:38', '超级管理员', '444毫秒', 'false', null, '监控管理/查询日志', 'Computer', 'Windows', 'admin');
INSERT INTO `t_sys_monitor_log` VALUES ('FDAAFF5B794E4825A2834A39EA61E021', '192.168.0.100', 'Windows 10', 'Chrome', 'Mozilla/5.0 (Windows NT 10.0; WOW64) AppleWebKit/537.36 (KHTML, like Gecko) Chrome/70.0.3538.110 Safari/537.36', '/personal/getUserInfo', 'GET', '', '2018-12-03 11:20:35', '超级管理员', '208毫秒', 'false', null, '个人中心/查看个人信息', 'Computer', 'Windows', 'admin');

-- ----------------------------
-- Table structure for t_sys_monitor_login_record
-- ----------------------------
DROP TABLE IF EXISTS `t_sys_monitor_login_record`;
CREATE TABLE `t_sys_monitor_login_record` (
  `lr_id` varchar(64) NOT NULL,
  `client_ip` varchar(15) NOT NULL,
  `operating_system_name` varchar(100) NOT NULL,
  `browser` varchar(100) NOT NULL,
  `user_name` varchar(100) DEFAULT NULL,
  `visit_time` varchar(30) NOT NULL,
  `last_time` varchar(30) NOT NULL,
  `login_time` varchar(30) DEFAULT NULL,
  `logout_time` varchar(30) DEFAULT NULL,
  `online_time` varchar(50) DEFAULT NULL,
  `lr_online` varchar(5) DEFAULT NULL,
  `session_id` varchar(64) NOT NULL,
  `group_name` varchar(30) DEFAULT NULL,
  `device_type` varchar(30) DEFAULT NULL,
  `user_account` varchar(50) DEFAULT NULL,
  PRIMARY KEY (`lr_id`)
) ENGINE=InnoDB DEFAULT CHARSET=utf8;

-- ----------------------------
-- Records of t_sys_monitor_login_record
-- ----------------------------
INSERT INTO `t_sys_monitor_login_record` VALUES ('002C1C010C944906BADF5C277418CA05', '192.168.0.100', 'Windows 10', 'Chrome', '超级管理员', '2018-11-08 13:48:58', '2018-11-08 13:49:00', '2018-11-08 13:48:58', '2018-11-08 13:52:00', '3分2秒0毫秒', 'false', '5b2a3180-ab84-4b57-b159-33312a9da0ad', 'Windows', 'Computer', 'admin');
INSERT INTO `t_sys_monitor_login_record` VALUES ('003593F13C0B4C7C9F2FADA41D7C3349', '192.168.1.100', 'Android 6.x', 'Chrome Mobile', '管理员', '2018-11-02 00:46:06', '2018-11-02 01:00:23', '2018-11-02 00:46:06', '2018-11-03 01:14:22', '14分17秒0毫秒', 'false', '045692ee-01ae-4802-8bb5-5f427278ab04', null, null, 'admin');
INSERT INTO `t_sys_monitor_login_record` VALUES ('0091924AF9A344048A509C389559429E', '192.168.1.101', 'Windows 10', 'Chrome', '超级管理员', '2018-11-09 01:15:20', '2018-11-09 01:33:00', '2018-11-09 01:15:20', '2018-11-09 01:33:00', '17分40秒0毫秒', 'false', 'a38890d0-7370-4bb5-9e5f-cd56e8413ac4', 'Windows', 'Computer', 'admin');
INSERT INTO `t_sys_monitor_login_record` VALUES ('015E956A97734C828E88271851BB2F73', '192.168.0.100', 'Windows 10', 'Chrome', '张三', '2018-11-30 16:29:20', '2018-11-30 16:33:43', '2018-11-30 16:29:20', '2018-11-30 17:03:43', '34分23秒0毫秒', 'false', 'cccd7351-4ae6-474b-a70a-3e03f85a93c8', 'Windows', 'Computer', 'zhansan');
INSERT INTO `t_sys_monitor_login_record` VALUES ('0163B913A3BD4C7DBD7463A2B0BF40E3', '192.168.0.100', 'Windows 10', 'Chrome', '管理员', '2018-11-02 16:45:16', '2018-11-02 19:56:39', '2018-11-02 16:45:16', '2018-11-03 01:14:37', '3时11分23秒0毫秒', 'false', '006a6fdf-0116-43aa-9c91-ded08ef1bff6', null, null, 'admin');
INSERT INTO `t_sys_monitor_login_record` VALUES ('017716CF37D6497F99E8E4B1EDF6F0EA', '192.168.0.100', 'Windows 10', 'Chrome', '超级管理员', '2018-11-29 11:40:59', '2018-11-29 11:52:16', '2018-11-29 11:40:59', '2018-11-29 12:22:16', '41分17秒0毫秒', 'false', '1ca67ada-4485-4091-b156-50bc03a6e347', 'Windows', 'Computer', 'admin');
INSERT INTO `t_sys_monitor_login_record` VALUES ('01F39EF84626454B8FD523B935EFA7A5', '192.168.0.154', 'Android 6.x', 'Chrome Mobile', '管理员', '2018-11-01 12:04:43', '2018-11-01 12:06:46', '2018-11-01 12:04:43', '2018-11-03 01:14:22', '2分3秒0毫秒', 'false', '29dea890-e136-498b-85d6-951ce5cf07f1', null, null, 'admin');
INSERT INTO `t_sys_monitor_login_record` VALUES ('0230A137217B45B484F075BC5CC93007', '192.168.1.101', 'Windows 10', 'Chrome', '管理员', '2018-11-01 22:20:04', '2018-11-01 22:37:58', '2018-11-01 22:20:04', '2018-11-03 01:14:22', '17分54秒0毫秒', 'false', '046ab961-2d17-4d50-be26-172fc2fef4dd', null, null, 'admin');
INSERT INTO `t_sys_monitor_login_record` VALUES ('02B929322E9143BC9F5331C6B576028E', '192.168.0.100', 'Windows 10', 'Chrome', '超级管理员', '2018-11-16 17:37:54', '2018-11-16 17:54:19', '2018-11-16 17:37:54', '2018-11-16 18:24:19', '46分25秒0毫秒', 'false', 'ceb175c5-1b45-4596-95fc-cdf5999804fe', 'Windows', 'Computer', 'admin');
INSERT INTO `t_sys_monitor_login_record` VALUES ('0336273ADDD24E4AA1C80EED95D8F597', '192.168.0.100', 'Windows 10', 'Microsoft Edge', '超级管理员', '2018-11-08 18:58:41', '2018-11-08 18:58:47', '2018-11-08 18:58:41', '2018-11-08 18:58:47', '6秒0毫秒', 'false', '71c45c71-8f93-459f-b35c-c44ea1a7c394', 'Windows', 'Computer', 'admin');
INSERT INTO `t_sys_monitor_login_record` VALUES ('03415659AE95425491DE576D547B1373', '192.168.0.100', 'Windows 10', 'Chrome', '超级管理员', '2018-11-07 18:30:09', '2018-11-07 18:34:00', '2018-11-07 18:30:09', '2018-11-07 18:34:00', '3分51秒0毫秒', 'false', '6cae4592-fc41-44fa-97c2-f40467abb488', 'Windows', 'Computer', 'admin');
INSERT INTO `t_sys_monitor_login_record` VALUES ('0351A1D7E2184B09B10802DF435E7EFC', '192.168.0.100', 'Windows 10', 'Chrome', '超级管理员', '2018-11-12 10:05:27', '2018-11-12 10:34:10', '2018-11-12 10:05:27', '2018-11-12 10:37:10', '31分43秒0毫秒', 'false', 'a7825008-68b2-4a58-b482-b2f7d4a2545d', 'Windows', 'Computer', 'admin');
INSERT INTO `t_sys_monitor_login_record` VALUES ('0355608363AA436BA94CF178C9B87F8A', '192.168.1.100', 'Android 6.x', 'Chrome Mobile', '管理员', '2018-11-03 13:32:59', '2018-11-03 13:33:47', '2018-11-03 13:32:59', '2018-11-03 13:33:47', '48秒0毫秒', 'false', 'af64facd-e591-454e-ae86-0e9e29c000e5', null, null, 'admin');
INSERT INTO `t_sys_monitor_login_record` VALUES ('048F92C07CC34BEC89AD67F9BB0F033A', '192.168.0.100', 'Windows 10', 'Chrome', '超级管理员', '2018-11-12 11:19:11', '2018-11-12 11:45:08', '2018-11-12 11:19:11', '2018-11-12 11:48:08', '28分57秒0毫秒', 'false', 'f5381443-98fa-4ae6-98ec-079e9bcfbfc0', 'Windows', 'Computer', 'admin');
INSERT INTO `t_sys_monitor_login_record` VALUES ('05FD5BB97B814894B9A0D867CD17A9C5', '192.168.0.100', 'Windows 10', 'Chrome', '超级管理员', '2018-11-05 12:33:54', '2018-11-05 12:52:31', '2018-11-05 12:33:54', '2018-11-05 12:52:31', '18分37秒0毫秒', 'false', '824bb19a-4d2d-49f8-935e-d9085bc1c77d', 'Windows', 'Computer', 'admin');
INSERT INTO `t_sys_monitor_login_record` VALUES ('060DB7DAE72E46DBB51712AF69A3D0DA', '192.168.0.100', 'Windows 10', 'Microsoft Edge', '超级管理员', '2018-11-08 22:11:24', '2018-11-08 22:15:02', '2018-11-08 22:11:24', '2018-11-08 22:15:02', '3分38秒0毫秒', 'false', 'bdeeb1c6-358b-4b4d-b984-dbef772a3b85', 'Windows', 'Computer', 'admin');
INSERT INTO `t_sys_monitor_login_record` VALUES ('0623577004184B5DAFC4C72E96373C43', '192.168.0.154', 'Android 6.x', 'Chrome Mobile', '管理员', '2018-10-31 18:20:48', '2018-10-31 18:20:48', '2018-10-31 18:20:48', '2018-11-03 01:14:22', null, 'false', '3d304ad1-9b3d-48cc-98cc-10de73b590e9', null, null, 'admin');
INSERT INTO `t_sys_monitor_login_record` VALUES ('0640BAB0CE894C48898CA35FE9FDA157', '192.168.0.100', 'Windows 10', 'Microsoft Edge', '超级管理员', '2018-11-08 21:03:48', '2018-11-08 21:04:08', '2018-11-08 21:03:48', '2018-11-08 21:04:08', '20秒0毫秒', 'false', 'fd669b19-b8f4-425e-953b-3a9fc7de9e39', 'Windows', 'Computer', 'admin');
INSERT INTO `t_sys_monitor_login_record` VALUES ('068D594BEB014934859ECD5ABA486715', '192.168.0.100', 'Windows 10', 'Chrome', '管理员', '2018-11-01 10:08:37', '2018-11-01 10:18:00', '2018-11-01 10:08:37', '2018-11-03 01:14:22', '9分23秒0毫秒', 'false', '57803480-0b43-4d3c-a319-01599c925089', null, null, 'admin');
INSERT INTO `t_sys_monitor_login_record` VALUES ('06A07B48609043B888016217C8F74078', '192.168.0.100', 'Windows 10', 'Chrome', '超级管理员', '2018-11-29 16:30:59', '2018-11-29 17:10:20', '2018-11-29 16:30:59', '2018-11-29 17:40:20', '1时9分21秒0毫秒', 'false', '5aacda21-3a63-41d5-a9ee-603c3e9f62e2', 'Windows', 'Computer', 'admin');
INSERT INTO `t_sys_monitor_login_record` VALUES ('06F1BE619EC94E8F96A21187CFC9562C', '192.168.1.100', 'Android 6.x', 'Chrome Mobile', '管理员', '2018-11-03 14:45:17', '2018-11-03 14:45:55', '2018-11-03 14:45:17', '2018-11-03 14:45:55', '38秒0毫秒', 'false', '9790d6e1-e73e-41f6-9bad-27429b134073', null, null, 'admin');
INSERT INTO `t_sys_monitor_login_record` VALUES ('07F02057C6EF452D8F11EFF518B2C029', '192.168.0.100', 'Windows 10', 'Microsoft Edge', '超级管理员', '2018-11-08 20:59:36', '2018-11-08 21:03:48', '2018-11-08 20:59:36', '2018-11-08 21:03:48', '4分12秒0毫秒', 'false', '4aeb26fc-1fd2-4c3c-8229-bc4e13ed41c5', 'Windows', 'Computer', 'admin');
INSERT INTO `t_sys_monitor_login_record` VALUES ('09582F5E39384285B1FF85990D5A61DE', '192.168.1.101', 'Windows 10', 'Chrome', '超级管理员', '2018-11-10 15:21:08', '2018-11-10 15:21:36', '2018-11-10 15:21:08', '2018-11-10 15:21:36', '28秒0毫秒', 'false', '5ef144f5-aba5-4eb9-b975-d07f6dc58202', 'Windows', 'Computer', 'admin');
INSERT INTO `t_sys_monitor_login_record` VALUES ('0A189CA3FC01479286BD397EB2EBFA26', '192.168.0.100', 'Windows 10', 'Microsoft Edge', '管理员', '2018-11-01 13:33:22', '2018-11-01 13:33:43', '2018-11-01 13:33:22', '2018-11-03 01:14:22', '21秒0毫秒', 'false', '5fb930ab-3955-4f05-a0e4-73c2fc7d614c', null, null, 'admin');
INSERT INTO `t_sys_monitor_login_record` VALUES ('0B705C7B2BF9484CB0C597C66741E625', '192.168.0.100', 'Windows 10', 'Chrome', '管理员', '2018-10-31 15:44:47', '2018-10-31 16:02:08', '2018-10-31 16:01:20', '2018-11-03 01:14:22', null, 'false', '4635e4ad-14a9-4102-9fcc-923967f60fe7', null, null, 'admin');
INSERT INTO `t_sys_monitor_login_record` VALUES ('0BA7373E442840E5BA479AA69AE3E0D6', '192.168.1.101', 'Windows 10', 'Chrome', '超级管理员', '2018-11-10 13:23:20', '2018-11-10 13:25:00', '2018-11-10 13:23:20', '2018-11-10 13:47:54', '24分34秒0毫秒', 'false', '92c9872d-9e87-405a-aed2-af5621f1f602', 'Windows', 'Computer', 'admin');
INSERT INTO `t_sys_monitor_login_record` VALUES ('0C0342AA71174F2ABC7D6197F82A3CC2', '183.6.159.231', 'Windows 10', 'Chrome', '超级管理员', '2018-11-12 17:34:41', '2018-11-12 18:05:28', '2018-11-12 17:34:41', '2018-11-12 18:05:28', '30分47秒0毫秒', 'false', 'a477cb15-c2d6-42c4-9768-bffd47f5bd9e', 'Windows', 'Computer', 'admin');
INSERT INTO `t_sys_monitor_login_record` VALUES ('0CA903D9602E4F248D990C5E38359DDD', '192.168.0.100', 'Windows 10', 'Chrome', '超级管理员', '2018-11-27 11:39:06', '2018-11-27 13:28:52', '2018-11-27 11:39:06', '2018-11-27 13:58:52', '2时19分46秒0毫秒', 'false', '3493699b-ac18-4a45-acf9-3d38cf88c4ab', 'Windows', 'Computer', 'admin');
INSERT INTO `t_sys_monitor_login_record` VALUES ('0CB58FF9725C4D2E8E093D8C413145F1', '192.168.0.100', 'Windows 10', 'Chrome', '超级管理员', '2018-11-15 10:22:05', '2018-11-15 11:14:18', '2018-11-15 10:22:05', '2018-11-15 11:44:18', '1时22分13秒0毫秒', 'false', '5b0ced73-d60a-43e8-b87e-54f49d3c8968', 'Windows', 'Computer', 'admin');
INSERT INTO `t_sys_monitor_login_record` VALUES ('0D52C1415B644B2D83D4DC1188C92156', '192.168.0.154', 'Android 6.x', 'Chrome Mobile', '管理员', '2018-10-31 18:20:27', '2018-10-31 18:20:48', '2018-10-31 18:20:33', '2018-11-03 01:14:22', null, 'false', 'd4c9acc7-cae9-4b88-9255-16acaeaee278', null, null, 'admin');
INSERT INTO `t_sys_monitor_login_record` VALUES ('0E30BA488E36469FBBEE7EA8165CF2F0', '192.168.43.55', 'Windows 10', 'Chrome', '管理员', '2018-11-01 14:08:25', '2018-11-01 14:46:59', '2018-11-01 14:08:25', '2018-11-03 01:14:22', '38分34秒0毫秒', 'false', 'decf83a9-298a-465a-b44f-fc1518e4e16a', null, null, 'admin');
INSERT INTO `t_sys_monitor_login_record` VALUES ('0FB662533BDB4BB6AC79548F681830C5', '192.168.0.100', 'Windows 10', 'Chrome', '超级管理员', '2018-11-12 13:20:10', '2018-11-12 13:30:27', '2018-11-12 13:20:10', '2018-11-12 13:35:04', '14分54秒0毫秒', 'false', 'bbd16610-d765-4600-b7a9-1d58439fea01', 'Windows', 'Computer', 'admin');
INSERT INTO `t_sys_monitor_login_record` VALUES ('1003CBA0EF32407AAD62F38621C419B3', '192.168.1.101', 'Windows 10', 'Chrome', '超级管理员', '2018-11-10 15:26:37', '2018-11-10 15:26:52', '2018-11-10 15:26:37', '2018-11-10 15:26:52', '15秒0毫秒', 'false', 'bce4d140-6b62-4c31-a87d-8ae3c9b7f16f', 'Windows', 'Computer', 'admin');
INSERT INTO `t_sys_monitor_login_record` VALUES ('10376C40081E478691EEA57711222C39', '192.168.0.100', 'Windows 10', 'Microsoft Edge', '超级管理员', '2018-11-08 15:31:16', '2018-11-08 15:31:33', '2018-11-08 15:31:16', '2018-11-08 15:34:33', '3分17秒0毫秒', 'false', '4bec2bca-7bea-4711-9606-407792467eb0', 'Windows', 'Computer', 'admin');
INSERT INTO `t_sys_monitor_login_record` VALUES ('115C5EF790D74A7895699DCF2F684C90', '192.168.1.101', 'Windows 10', 'Chrome', '超级管理员', '2018-11-09 01:52:02', '2018-11-09 01:57:58', '2018-11-09 01:52:02', '2018-11-09 01:57:58', '5分56秒0毫秒', 'false', '01cb2a88-208e-43e4-a672-d05e14f17780', 'Windows', 'Computer', 'admin');
INSERT INTO `t_sys_monitor_login_record` VALUES ('1160828B699B49A8B3A24EB8E612CD43', '192.168.0.161', 'Android 6.x', 'Chrome Mobile', '超级管理员', '2018-11-06 20:21:55', '2018-11-06 20:23:07', '2018-11-06 20:21:55', '2018-11-06 20:23:07', '1分12秒0毫秒', 'false', '4fce4514-67ac-48f0-8900-b327607bd86d', 'Android', 'Mobile', 'admin');
INSERT INTO `t_sys_monitor_login_record` VALUES ('11CE8DCCB0D84C5599E6CB3984CF74B0', '192.168.0.100', 'Windows 10', 'Chrome', '超级管理员', '2018-11-06 18:00:10', '2018-11-06 18:03:06', '2018-11-06 18:00:10', '2018-11-06 18:33:06', '32分56秒0毫秒', 'false', '3dfade83-715b-45ee-979b-3a82ac1531e9', 'Windows', 'Computer', 'admin');
INSERT INTO `t_sys_monitor_login_record` VALUES ('124F63011D9A4EF6962EFCBCD3FD4C3E', '192.168.1.101', 'Windows 10', 'Chrome', '管理员', '2018-11-03 01:12:16', '2018-11-03 01:13:21', '2018-11-03 01:12:16', '2018-11-03 01:14:22', '1分5秒0毫秒', 'false', '913f5bfe-50d3-4f9d-9d37-acb6e5c0705b', null, null, 'admin');
INSERT INTO `t_sys_monitor_login_record` VALUES ('12511DC90E344386AD3CAF853570C6F5', '192.168.0.100', 'Windows 10', 'Chrome', '超级管理员', '2018-11-29 20:16:57', '2018-11-29 20:18:42', '2018-11-29 20:16:57', '2018-11-29 20:18:42', '1分45秒0毫秒', 'false', '0de7e82a-0a86-4163-9144-61be57a0b267', 'Windows', 'Computer', 'admin');
INSERT INTO `t_sys_monitor_login_record` VALUES ('1300B04D448E420B9D9BAC44F25E6259', '192.168.0.100', 'Windows 10', 'Chrome', '管理员', '2018-10-31 17:58:52', '2018-10-31 17:59:16', '2018-10-31 18:20:48', '2018-11-03 01:14:22', null, 'false', '06a296ad-fd17-4760-9df1-f2eab66603b6', null, null, 'admin');
INSERT INTO `t_sys_monitor_login_record` VALUES ('1356B21D34C84E6ABF0ABF99D8684597', '192.168.0.100', 'Windows 10', 'Chrome', '管理员', '2018-10-31 15:53:15', '2018-10-31 16:02:08', '2018-10-31 16:01:20', '2018-11-03 01:14:22', null, 'false', '28211b3b-ac48-4138-a08c-13728cb62ab3', null, null, 'admin');
INSERT INTO `t_sys_monitor_login_record` VALUES ('135A7909DBE74216B72B82E6B6B63D18', '192.168.0.100', 'Windows 10', 'Chrome', '超级管理员', '2018-11-08 14:36:01', '2018-11-08 14:37:44', '2018-11-08 14:36:01', '2018-11-08 14:40:44', '4分43秒0毫秒', 'false', '805072a6-e38d-4df7-8bdb-3a04d66a7a33', 'Windows', 'Computer', 'admin');
INSERT INTO `t_sys_monitor_login_record` VALUES ('1380CD0930ED4049968595C683797028', '192.168.1.101', 'Windows 10', 'Chrome', '超级管理员', '2018-11-10 13:49:35', '2018-11-10 13:49:51', '2018-11-10 13:49:35', '2018-11-10 13:54:04', '4分29秒0毫秒', 'false', 'c47c04f2-199e-4787-a318-ec26f1b9f124', 'Windows', 'Computer', 'admin');
INSERT INTO `t_sys_monitor_login_record` VALUES ('13DF5F2ACC9A4D0498F09C4DA5016824', '192.168.0.100', 'Windows 10', 'Chrome', '管理员', '2018-10-31 17:57:05', '2018-10-31 17:58:52', '2018-10-31 18:20:48', '2018-11-03 01:14:22', null, 'false', '4b8c2769-0088-4ed3-bdd2-1014b34fec08', null, null, 'admin');
INSERT INTO `t_sys_monitor_login_record` VALUES ('149989C337284FA88223EEA78825F07B', '192.168.0.100', 'Windows 10', 'Chrome', '超级管理员', '2018-11-08 14:33:11', '2018-11-08 14:34:17', '2018-11-08 14:33:11', '2018-11-08 16:59:33', '1分6秒0毫秒', 'false', 'd0c3fe09-abfd-439a-b1ba-f8276146ceca', 'Windows', 'Computer', 'admin');
INSERT INTO `t_sys_monitor_login_record` VALUES ('15FB387116B149B29EF8A7E35838352C', '192.168.0.100', 'Windows 10', 'Microsoft Edge', '超级管理员', '2018-11-08 20:00:21', '2018-11-08 20:01:41', '2018-11-08 20:00:21', '2018-11-08 20:01:41', '1分20秒0毫秒', 'false', 'c9f7747d-b19e-401c-ae5b-7eef27226818', 'Windows', 'Computer', 'admin');
INSERT INTO `t_sys_monitor_login_record` VALUES ('1646B2DBD30D4249BDA31DF74F4BBC53', '192.168.1.101', 'Windows 10', 'Chrome', '超级管理员', '2018-11-04 04:14:44', '2018-11-04 04:55:23', '2018-11-04 04:14:44', '2018-11-04 05:25:23', '1时10分39秒0毫秒', 'false', '60238f14-5a9c-40de-900d-3c6a18a62a52', 'Windows', 'Computer', 'admin');
INSERT INTO `t_sys_monitor_login_record` VALUES ('188907FC8AF346DB8233B931315E1FE9', '192.168.0.100', 'Windows 10', 'Internet Explorer 11', '超级管理员', '2018-11-08 15:57:42', '2018-11-08 15:58:14', '2018-11-08 15:57:42', '2018-11-08 16:01:14', '3分32秒0毫秒', 'false', '1918044f-cfd3-4c7e-9be9-6b35074abc91', 'Windows', 'Computer', 'admin');
INSERT INTO `t_sys_monitor_login_record` VALUES ('18D7790C063C454187454B6FC0A53E54', '192.168.0.100', 'Windows 10', 'Microsoft Edge', '超级管理员', '2018-11-08 18:33:47', '2018-11-08 18:34:02', '2018-11-08 18:33:47', '2018-11-08 18:34:02', '15秒0毫秒', 'false', '8867210d-badb-4f26-9250-5d3e190a5fa0', 'Windows', 'Computer', 'admin');
INSERT INTO `t_sys_monitor_login_record` VALUES ('1AF4841FB8394743880BF3F654E7A1A5', '192.168.0.100', 'Windows 10', 'Chrome', '超级管理员', '2018-11-12 15:31:13', '2018-11-12 15:31:21', '2018-11-12 15:31:13', '2018-11-12 15:31:21', '8秒0毫秒', 'false', 'c9cacc49-eef8-4f2c-ba15-b6c0d9413054', 'Windows', 'Computer', 'admin');
INSERT INTO `t_sys_monitor_login_record` VALUES ('1B458BF85C8A441EAE25CCDF3BD645E0', '192.168.0.100', 'Windows 10', 'Chrome', '超级管理员', '2018-11-16 14:26:41', '2018-11-16 15:30:13', '2018-11-16 14:26:41', '2018-11-16 16:00:13', '1时33分32秒0毫秒', 'false', 'cc411d69-c5ac-4ffe-8c1d-65c2ba207ecf', 'Windows', 'Computer', 'admin');
INSERT INTO `t_sys_monitor_login_record` VALUES ('1BA42C64F3A8450D94CA298D36B81F2B', '117.136.32.50', 'Windows 10', 'Chrome', '超级管理员', '2018-11-15 17:53:55', '2018-11-15 17:54:24', '2018-11-15 17:53:55', '2018-11-15 17:54:24', '29秒0毫秒', 'false', '616a10f3-2e56-49ed-be8f-8841f3d18a2b', 'Windows', 'Computer', 'admin');
INSERT INTO `t_sys_monitor_login_record` VALUES ('1BFF0340AF734925B18F6C8B63218D81', '192.168.0.100', 'Windows 10', 'Chrome', '管理员', '2018-11-02 16:10:48', '2018-11-02 16:45:16', '2018-11-02 16:10:48', '2018-11-03 01:14:22', '34分28秒0毫秒', 'false', 'abacf86e-1121-41db-ba64-cc84c352c1c6', null, null, 'admin');
INSERT INTO `t_sys_monitor_login_record` VALUES ('1D9208A0703C4719A0A231BCB43C01E5', '192.168.0.100', 'Windows 10', 'Microsoft Edge', '超级管理员', '2018-11-08 18:29:05', '2018-11-08 18:29:06', '2018-11-08 18:29:05', '2018-11-08 18:32:06', '3分1秒0毫秒', 'false', 'd925fcdd-88ee-41d8-9020-593d12e4a486', 'Windows', 'Computer', 'admin');
INSERT INTO `t_sys_monitor_login_record` VALUES ('1E23D29CE261429C8795F765C9BE6295', '192.168.0.100', 'Windows 10', 'Chrome', '超级管理员', '2018-12-03 10:33:00', '2018-12-03 10:43:51', '2018-12-03 10:33:00', '2018-12-03 10:43:51', '10分51秒0毫秒', 'false', '3a33b7f4-0544-4130-adfe-3ff1dc6f4707', 'Windows', 'Computer', 'admin');
INSERT INTO `t_sys_monitor_login_record` VALUES ('1E382196D7D44A35AED6129260053DDB', '192.168.0.100', 'Windows 10', 'Chrome', '超级管理员', '2018-11-09 09:55:03', '2018-11-09 20:52:42', '2018-11-09 09:55:03', '2018-11-12 09:50:48', '2天23时55分45秒0毫秒', 'false', 'bd778df0-3aef-4d74-b5da-df0820b1f12f', 'Windows', 'Computer', 'admin');
INSERT INTO `t_sys_monitor_login_record` VALUES ('1EA8C4CC204E4E85BD0A1E948F38A63E', '192.168.1.100', 'Android 6.x', 'Chrome Mobile', '管理员', '2018-11-03 00:27:56', '2018-11-03 00:41:01', '2018-11-03 00:27:56', '2018-11-03 01:14:22', '13分5秒0毫秒', 'false', 'c745f011-0650-40b4-bc1b-9e045163fce9', null, null, 'admin');
INSERT INTO `t_sys_monitor_login_record` VALUES ('1EE8C76E09EC48F3BE976E2B4F997820', '192.168.0.100', 'Windows 10', 'Chrome', '超级管理员', '2018-11-08 10:11:51', '2018-11-08 10:11:54', '2018-11-08 10:11:51', '2018-11-08 10:13:54', '2分3秒0毫秒', 'false', '4bd154bf-2b65-49c8-bfe7-ada168e20d23', 'Windows', 'Computer', 'admin');
INSERT INTO `t_sys_monitor_login_record` VALUES ('1F60C2C714654F3BBD1ACAE4E77B6566', '192.168.0.100', 'Windows 10', 'Chrome', '超级管理员', '2018-11-12 12:57:19', '2018-11-12 12:58:14', '2018-11-12 12:57:19', '2018-11-12 13:01:14', '3分55秒0毫秒', 'false', 'c2865306-fa74-4df2-82c2-74c468add24d', 'Windows', 'Computer', 'admin');
INSERT INTO `t_sys_monitor_login_record` VALUES ('1F9F7CEDC94D4238BB807F42E05DE4F0', '192.168.1.101', 'Windows 10', 'Chrome', '管理员', '2018-11-03 01:30:37', '2018-11-03 01:33:08', '2018-11-03 01:30:37', '2018-11-03 01:38:07', '2分31秒0毫秒', 'false', '15549036-0566-4289-bfd6-8a0738ffe887', null, null, 'admin');
INSERT INTO `t_sys_monitor_login_record` VALUES ('1FC57D8D6D9941C3B2D9426FCBBB29A5', '192.168.0.100', 'Windows 10', 'Chrome', '超级管理员', '2018-11-12 13:35:06', '2018-11-12 14:30:17', '2018-11-12 13:35:06', '2018-11-12 15:00:17', '1时25分11秒0毫秒', 'false', '0341f31f-31d4-4ff1-b0a5-076846c94e85', 'Windows', 'Computer', 'admin');
INSERT INTO `t_sys_monitor_login_record` VALUES ('1FEBFF72212A461B803D3B09CDB161C2', '192.168.0.100', 'Windows 10', 'Chrome', '超级管理员', '2018-11-06 14:29:04', '2018-11-06 14:31:27', '2018-11-06 14:29:04', '2018-11-06 15:01:27', '32分23秒0毫秒', 'false', 'd215d17f-c47c-4ac5-90a9-e07fdc5a8898', 'Windows', 'Computer', 'admin');
INSERT INTO `t_sys_monitor_login_record` VALUES ('205FE207CF4A495993E94FDE04EED3B7', '192.168.1.101', 'Windows 10', 'Chrome', '管理员', '2018-11-03 12:23:38', '2018-11-03 12:29:46', '2018-11-03 12:23:38', '2018-11-03 12:32:46', '6分8秒0毫秒', 'false', '4d755584-48c4-4de4-9401-38b8f982ff44', null, null, 'admin');
INSERT INTO `t_sys_monitor_login_record` VALUES ('2105A085877D481B8A1EE60F0773C711', '192.168.0.100', 'Windows 10', 'Chrome', '超级管理员', '2018-12-03 15:51:26', '2018-12-03 15:51:46', '2018-12-03 15:51:26', '2018-12-03 16:21:46', '30分20秒0毫秒', 'false', '69a97a31-fb7e-44af-aa06-ca1e137ec072', 'Windows', 'Computer', 'admin');
INSERT INTO `t_sys_monitor_login_record` VALUES ('217EACCC414745DD96A65E43FE5DA51A', '183.6.159.231', 'Windows 10', 'Chrome', '超级管理员', '2018-11-16 12:59:42', '2018-11-16 13:00:06', '2018-11-16 12:59:42', '2018-11-16 13:00:06', '24秒0毫秒', 'false', 'b5d83d54-752a-4880-a71a-6dd7d48863d2', 'Windows', 'Computer', 'admin');
INSERT INTO `t_sys_monitor_login_record` VALUES ('22033F2717F94457BECC392CEDBD3195', '192.168.0.100', 'Windows 10', 'Chrome', '超级管理员', '2018-11-08 13:56:20', '2018-11-08 13:57:26', '2018-11-08 13:56:20', '2018-11-08 13:57:26', '1分6秒0毫秒', 'false', 'ff4231d1-1491-4335-8f3e-4ffaa742ec0e', 'Windows', 'Computer', 'admin');
INSERT INTO `t_sys_monitor_login_record` VALUES ('224CE09C9C7F4354AAA02831D6B5A305', '192.168.0.100', 'Windows 10', 'Microsoft Edge', '超级管理员', '2018-11-08 18:21:49', '2018-11-08 18:23:43', '2018-11-08 18:21:49', '2018-11-08 18:26:43', '4分54秒0毫秒', 'false', '04091451-cfbe-4938-bcc0-aac18e2370ef', 'Windows', 'Computer', 'admin');
INSERT INTO `t_sys_monitor_login_record` VALUES ('22E5E066C6B54C6684A07165861539C2', '192.168.0.100', 'Windows 10', 'Chrome', '管理员', '2018-10-31 18:04:13', '2018-10-31 18:06:00', '2018-10-31 18:04:35', '2018-11-03 01:14:22', null, 'false', '2aef23e8-3e1d-4e88-896e-4ecf350a2634', null, null, 'admin');
INSERT INTO `t_sys_monitor_login_record` VALUES ('246DE2325F654E6DAAFDAA9CF91FF865', '192.168.1.101', 'Windows 10', 'Chrome', '超级管理员', '2018-11-10 15:02:25', '2018-11-10 15:03:05', '2018-11-10 15:02:25', '2018-11-10 15:03:05', '40秒0毫秒', 'false', '9df61f13-7d85-421c-a497-db5492aea1c0', 'Windows', 'Computer', 'admin');
INSERT INTO `t_sys_monitor_login_record` VALUES ('24FAC30195E442BC9BAD9A99C02FAF03', '192.168.0.100', 'Windows 10', 'Chrome', '张三', '2018-12-03 17:14:53', '2018-12-03 17:15:32', '2018-12-03 17:14:53', '2018-12-03 17:15:32', '39秒0毫秒', 'false', '15225411-487c-4cea-b64f-45ede807dd73', 'Windows', 'Computer', 'zhansan');
INSERT INTO `t_sys_monitor_login_record` VALUES ('25D0FF092E9C46D0BE2F9859179F3FCD', '192.168.0.100', 'Windows 10', 'Chrome', '超级管理员', '2018-11-06 11:44:24', '2018-11-06 11:45:43', '2018-11-06 11:44:24', '2018-11-06 12:15:43', '31分19秒0毫秒', 'false', 'f513b438-c4cd-4548-8e67-3dc7e3303890', 'Windows', 'Computer', 'admin');
INSERT INTO `t_sys_monitor_login_record` VALUES ('26EFA85187364C83A222439CE72948B5', '192.168.0.100', 'Windows 10', 'Chrome', '超级管理员', '2018-11-06 15:32:07', '2018-11-06 16:45:00', '2018-11-06 15:32:07', '2018-11-06 17:15:00', '1时42分53秒0毫秒', 'false', 'a0620e20-4b1b-44d6-9e12-630327c84ed5', 'Windows', 'Computer', 'admin');
INSERT INTO `t_sys_monitor_login_record` VALUES ('271CED92161344BCBB265E54147DA5FD', '192.168.0.100', 'Windows 10', 'Chrome', '管理员', '2018-10-31 17:52:37', '2018-10-31 17:55:57', '2018-10-31 17:54:06', '2018-11-03 01:14:22', null, 'false', '718e0373-549c-4157-ba0e-460e5efe9692', null, null, 'admin');
INSERT INTO `t_sys_monitor_login_record` VALUES ('27A18528BFD84553AEB6E47AC055A0D1', '192.168.0.100', 'Windows 10', 'Chrome', '管理员', '2018-11-01 11:07:05', '2018-11-01 11:07:17', '2018-11-01 11:07:05', '2018-11-03 01:14:22', '12秒0毫秒', 'false', '7e3ed6b9-69b4-4a47-9b2a-4e076338f7b2', null, null, 'admin');
INSERT INTO `t_sys_monitor_login_record` VALUES ('27AD89BFDDA9481795682A1554AC2848', '192.168.1.101', 'Windows 10', 'Chrome', '超级管理员', '2018-11-10 15:31:48', '2018-11-10 15:32:46', '2018-11-10 15:31:48', '2018-11-10 15:35:46', '3分58秒0毫秒', 'false', '38370b5d-1bfa-4166-bbc0-d47a7d285c2a', 'Windows', 'Computer', 'admin');
INSERT INTO `t_sys_monitor_login_record` VALUES ('27C0B9E065ED4694AAEBF09520978525', '192.168.0.154', 'Android 6.x', 'Chrome Mobile', '管理员', '2018-10-31 19:55:11', '2018-10-31 19:55:26', '2018-10-31 19:55:11', '2018-11-03 01:14:22', '15秒0毫秒', 'false', 'a323adf7-1348-4677-8459-c9efcf338282', null, null, 'admin');
INSERT INTO `t_sys_monitor_login_record` VALUES ('290C2F5B6BF04842B550CA27D74FEFFE', '192.168.0.100', 'Windows 10', 'Microsoft Edge', '超级管理员', '2018-11-08 19:34:30', '2018-11-08 19:34:31', '2018-11-08 19:34:30', '2018-11-08 19:37:31', '3分1秒0毫秒', 'false', '43f7fede-7bc9-472b-9176-b242b609a1a9', 'Windows', 'Computer', 'admin');
INSERT INTO `t_sys_monitor_login_record` VALUES ('2B075FB7F2F04EC0A19C169BC225CE28', '192.168.0.100', 'Windows 10', 'Chrome', '超级管理员', '2018-12-05 17:01:29', '2018-12-05 17:02:13', '2018-12-05 17:01:29', '2018-12-05 17:02:13', '44秒0毫秒', 'false', '36668571-9692-4d5e-818f-3dc78c30f96a', 'Windows', 'Computer', 'admin');
INSERT INTO `t_sys_monitor_login_record` VALUES ('2B77DBB4A4BF46D0B820ECB58812D4D9', '192.168.0.100', 'Windows 10', 'Chrome', '超级管理员', '2018-11-30 16:26:44', '2018-11-30 16:27:02', '2018-11-30 16:26:44', '2018-11-30 16:27:02', '18秒0毫秒', 'false', '5867630d-bdf0-4dd1-a9ad-f2b02bc4f39d', 'Windows', 'Computer', 'admin');
INSERT INTO `t_sys_monitor_login_record` VALUES ('2CA38E060AF94477B9444AECD346C13A', '192.168.0.100', 'Windows 10', 'Microsoft Edge', '超级管理员', '2018-11-08 18:24:43', '2018-11-08 18:25:18', '2018-11-08 18:24:43', '2018-11-08 18:25:18', '35秒0毫秒', 'false', 'efa05aa6-6028-4f31-90b2-74d432eefb71', 'Windows', 'Computer', 'admin');
INSERT INTO `t_sys_monitor_login_record` VALUES ('2E8F7CB1FBB044828990731BA97071E5', '192.168.1.101', 'Windows 10', 'Chrome', '超级管理员', '2018-11-06 22:10:43', '2018-11-06 22:11:40', '2018-11-06 22:10:43', '2018-11-06 22:41:40', '30分57秒0毫秒', 'false', '15eef8f5-4e21-4268-a7de-13d649527f77', 'Windows', 'Computer', 'admin');
INSERT INTO `t_sys_monitor_login_record` VALUES ('2F6F3DA51BB94A358DB86582686741B1', '192.168.1.101', 'Windows 10', 'Chrome', '超级管理员', '2018-11-10 15:21:37', '2018-11-10 15:23:11', '2018-11-10 15:21:37', '2018-11-10 15:23:52', '2分15秒0毫秒', 'false', '5ef144f5-aba5-4eb9-b975-d07f6dc58202', 'Windows', 'Computer', 'admin');
INSERT INTO `t_sys_monitor_login_record` VALUES ('2F772DC3C10F4981A3EB9E2FA7648A69', '192.168.0.100', 'Windows 10', 'Chrome', '超级管理员', '2018-11-07 19:38:07', '2018-11-07 19:44:21', '2018-11-07 19:38:07', '2018-11-07 19:44:21', '6分14秒0毫秒', 'false', '855829c2-214c-4ec1-8ee2-e70af6089217', 'Windows', 'Computer', 'admin');
INSERT INTO `t_sys_monitor_login_record` VALUES ('2FEA1ADC9A41460E9B5796597DB4E953', '192.168.1.101', 'Windows 10', 'Chrome', '超级管理员', '2018-11-10 13:54:03', '2018-11-10 13:54:16', '2018-11-10 13:54:03', '2018-11-10 13:55:16', '1分13秒0毫秒', 'false', 'f74da642-f533-4ed2-a8da-918f046f0012', 'Windows', 'Computer', 'admin');
INSERT INTO `t_sys_monitor_login_record` VALUES ('3051A76D821645218F6EE7EEF22A23CB', '192.168.0.100', 'Windows 10', 'Microsoft Edge', '超级管理员', '2018-11-08 18:03:51', '2018-11-08 18:04:30', '2018-11-08 18:03:51', '2018-11-08 18:07:30', '3分39秒0毫秒', 'false', '2f5c69a1-68c3-46e9-934b-0ec0cf0016eb', 'Windows', 'Computer', 'admin');
INSERT INTO `t_sys_monitor_login_record` VALUES ('30A561EC9ED24E6391373E3B2DE8E4B0', '113.106.125.42', 'Windows 10', 'Chrome', '超级管理员', '2018-11-12 17:41:00', '2018-11-12 23:35:16', '2018-11-12 17:41:00', '2018-11-13 00:05:16', '6时24分16秒0毫秒', 'false', 'e834a3f9-033b-42da-a98b-061ceefb579b', 'Windows', 'Computer', 'admin');
INSERT INTO `t_sys_monitor_login_record` VALUES ('30B6702EAE1E4849A482864FE3D000B2', '192.168.1.101', 'Windows 10', 'Chrome', '超级管理员', '2018-11-10 12:59:58', '2018-11-10 13:00:19', '2018-11-10 12:59:58', '2018-11-10 13:03:19', '3分21秒0毫秒', 'false', '55a7c987-6129-46e6-bfaa-4a8164e92b4e', 'Windows', 'Computer', 'admin');
INSERT INTO `t_sys_monitor_login_record` VALUES ('31F093B1146C44EE8552B8C9AC05DEF9', '192.168.0.100', 'Windows 10', 'Chrome', '张三', '2018-12-03 17:09:20', '2018-12-03 17:11:42', '2018-12-03 17:09:20', '2018-12-03 17:11:42', '2分22秒0毫秒', 'false', 'fd69bb5b-c46b-4f9e-9313-62b4829ef0dd', 'Windows', 'Computer', 'zhansan');
INSERT INTO `t_sys_monitor_login_record` VALUES ('324667DC155E4C50AA4920EB3F5A8BA1', '192.168.0.100', 'Windows 10', 'Chrome', '超级管理员', '2018-11-30 18:16:01', '2018-11-30 18:25:22', '2018-11-30 18:16:01', '2018-11-30 18:25:22', '9分21秒0毫秒', 'false', '81f5866c-29cb-4dc6-8843-5e785193a086', 'Windows', 'Computer', 'admin');
INSERT INTO `t_sys_monitor_login_record` VALUES ('32985D39BE914E999E3118E384C89F30', '192.168.0.100', 'Windows 10', 'Microsoft Edge', '超级管理员', '2018-11-08 21:35:43', '2018-11-08 21:35:46', '2018-11-08 21:35:43', '2018-11-08 21:38:46', '3分3秒0毫秒', 'false', 'c881a93b-7798-4c03-a38e-db1291584479', 'Windows', 'Computer', 'admin');
INSERT INTO `t_sys_monitor_login_record` VALUES ('3414E578908D4583940FE068E9FCF239', '192.168.0.100', 'Windows 10', 'Chrome', '管理员', '2018-10-31 13:16:33', '2018-10-31 16:02:08', '2018-10-31 16:01:20', '2018-11-03 01:14:22', null, 'false', '489d822c-b11f-4a03-b102-c58ceeea9019', null, null, 'admin');
INSERT INTO `t_sys_monitor_login_record` VALUES ('342FD2C711EA4AAD86B15DEC5670945B', '192.168.0.100', 'Windows 10', 'Chrome', '超级管理员', '2018-11-30 10:31:06', '2018-11-30 11:38:37', '2018-11-30 10:31:06', '2018-11-30 12:08:37', '1时37分31秒0毫秒', 'false', 'fa066d91-b151-492c-acfd-fe0f0b57159f', 'Windows', 'Computer', 'admin');
INSERT INTO `t_sys_monitor_login_record` VALUES ('35B3FF2C574841CD9E7BEF0732E9355B', '192.168.1.101', 'Windows 10', 'Chrome', '管理员', '2018-11-03 01:00:53', '2018-11-03 01:04:12', '2018-11-03 01:00:53', '2018-11-03 01:14:37', '3分19秒0毫秒', 'false', 'c1e6cc27-5fe9-40ed-9863-d92e51bf4a1f', null, null, 'admin');
INSERT INTO `t_sys_monitor_login_record` VALUES ('3778219D23D442B2AC02DE0233D7C662', '192.168.0.100', 'Windows 10', 'Microsoft Edge', '超级管理员', '2018-11-08 15:35:50', '2018-11-08 15:37:19', '2018-11-08 15:35:50', '2018-11-08 15:40:19', '4分29秒0毫秒', 'false', '05168d92-7f82-472c-bc11-435ca885dae4', 'Windows', 'Computer', 'admin');
INSERT INTO `t_sys_monitor_login_record` VALUES ('37FA2E434DFB440987E248D21AEFF492', '192.168.0.100', 'Windows 10', 'Chrome', '超级管理员', '2018-11-08 12:50:27', '2018-11-08 12:50:31', '2018-11-08 12:50:27', '2018-11-08 12:53:31', '3分4秒0毫秒', 'false', 'c64e1a9f-d17a-4207-8d1d-7662cbe12e45', 'Windows', 'Computer', 'admin');
INSERT INTO `t_sys_monitor_login_record` VALUES ('384AC980D192428281457A0D639FC916', '192.168.1.101', 'Windows 10', 'Chrome', '管理员', '2018-11-01 23:19:57', '2018-11-01 23:36:28', '2018-11-01 23:19:57', '2018-11-03 01:14:22', '16分31秒0毫秒', 'false', '78742928-2bfd-41ab-a400-525ff5c3ecf7', null, null, 'admin');
INSERT INTO `t_sys_monitor_login_record` VALUES ('3879A6B745774B3F9A13BD8339A57E31', '192.168.0.100', 'Windows 10', 'Internet Explorer 11', '超级管理员', '2018-11-08 16:52:00', '2018-11-08 16:53:56', '2018-11-08 16:52:00', '2018-11-08 16:59:33', '1分56秒0毫秒', 'false', '770f32f6-91df-4b37-8f65-29cb0f286729', 'Windows', 'Computer', 'admin');
INSERT INTO `t_sys_monitor_login_record` VALUES ('38BC26C1572D4EEB820B087ACF285D11', '192.168.0.100', 'Windows 10', 'Microsoft Edge', '管理员', '2018-10-31 18:05:06', '2018-10-31 18:05:46', '2018-10-31 18:20:48', '2018-11-03 01:14:22', null, 'false', '0cd6649f-7494-4a45-9cbb-b1a858cedbde', null, null, 'admin');
INSERT INTO `t_sys_monitor_login_record` VALUES ('39076D150E834BD4ACAC0E160803D133', '192.168.1.101', 'Windows 10', 'Chrome', '管理员', '2018-11-02 22:02:42', '2018-11-02 22:14:37', '2018-11-02 22:02:42', '2018-11-03 01:14:22', '11分55秒0毫秒', 'false', '5677c074-b0ce-4680-aa1f-333227f25215', null, null, 'admin');
INSERT INTO `t_sys_monitor_login_record` VALUES ('394E83FFDFE5440481227CB7B2AA2E4B', '192.168.0.100', 'Windows 10', 'Chrome', '超级管理员', '2018-11-08 17:19:05', '2018-11-08 17:19:42', '2018-11-08 17:19:05', '2018-11-08 17:19:42', '37秒0毫秒', 'false', 'a58935c4-8546-482f-9e5a-dc2dc55907a8', 'Windows', 'Computer', 'admin');
INSERT INTO `t_sys_monitor_login_record` VALUES ('3962A4CA74B548F087D46A6D3A188CDC', '192.168.1.101', 'Windows 10', 'Chrome', '管理员', '2018-11-03 01:16:51', '2018-11-03 01:26:32', '2018-11-03 01:16:51', '2018-11-03 01:26:32', '9分41秒0毫秒', 'false', 'f24444de-ceb0-427b-a3e6-2f5df3a173e3', null, null, 'admin');
INSERT INTO `t_sys_monitor_login_record` VALUES ('39BD00B9069A44F8B6E179103C03B18D', '192.168.0.100', 'Windows 10', 'Chrome', '超级管理员', '2018-11-27 14:38:13', '2018-11-27 15:17:38', '2018-11-27 14:38:13', '2018-11-27 15:17:38', '39分25秒0毫秒', 'false', 'fb04a27d-5c54-4dae-a396-61e45ac31fea', 'Windows', 'Computer', 'admin');
INSERT INTO `t_sys_monitor_login_record` VALUES ('3A849FE81BA34FF6B1F29156DE57E0B7', '183.6.159.189', 'Windows 10', 'Chrome', '超级管理员', '2018-11-29 16:31:45', '2018-11-29 16:31:58', '2018-11-29 16:31:45', '2018-11-29 16:31:58', '13秒0毫秒', 'false', '07a719db-e5ad-4e7c-9be9-55f1bb2fa9c8', 'Windows', 'Computer', 'admin');
INSERT INTO `t_sys_monitor_login_record` VALUES ('3B63A5F160B04F6DAE78F07B4BA69E3D', '192.168.1.101', 'Windows 10', 'Chrome', '超级管理员', '2018-11-10 15:02:25', '2018-11-10 15:03:05', '2018-11-10 15:02:25', '2018-11-10 15:03:05', '40秒0毫秒', 'false', '9df61f13-7d85-421c-a497-db5492aea1c0', 'Windows', 'Computer', 'admin');
INSERT INTO `t_sys_monitor_login_record` VALUES ('3B80708F57AB461EB7F13D62446553BA', '192.168.0.100', 'Windows 10', 'Microsoft Edge', '超级管理员', '2018-11-08 17:13:13', '2018-11-08 17:13:20', '2018-11-08 17:13:13', '2018-11-08 17:16:20', '3分7秒0毫秒', 'false', 'fce7d51d-9fb3-4d2b-8a25-124871198287', 'Windows', 'Computer', 'admin');
INSERT INTO `t_sys_monitor_login_record` VALUES ('3BB397362E924C928E5B417EA6224996', '192.168.0.100', 'Windows 10', 'Microsoft Edge', '超级管理员', '2018-11-08 18:05:01', '2018-11-08 18:06:22', '2018-11-08 18:05:01', '2018-11-08 18:09:22', '4分21秒0毫秒', 'false', 'd2647c21-fd29-4636-8d68-c69a5b57f574', 'Windows', 'Computer', 'admin');
INSERT INTO `t_sys_monitor_login_record` VALUES ('3F8B2D5982184C16AA8C590BDEE19E5F', '183.6.159.189', 'Windows 10', 'Chrome', '超级管理员', '2018-11-29 16:31:05', '2018-11-29 16:31:26', '2018-11-29 16:31:05', '2018-11-29 16:31:30', '25秒0毫秒', 'false', '1ec95019-526f-49bb-94ff-63118174004f', 'Windows', 'Computer', 'admin');
INSERT INTO `t_sys_monitor_login_record` VALUES ('3FD12578B9154E9D94D83D1766159607', '192.168.1.101', 'Windows 10', 'Chrome', '超级管理员', '2018-11-10 16:01:26', '2018-11-11 21:23:54', '2018-11-10 16:01:26', '2018-11-27 14:23:58', '1天5时22分28秒0毫秒', 'false', 'd4885fd2-db6e-4fcf-a66b-4b67bf6b3d3d', 'Windows', 'Computer', 'admin');
INSERT INTO `t_sys_monitor_login_record` VALUES ('400894C771664F03ADE2B6F5CCCC425E', '192.168.1.101', 'Windows 10', 'Microsoft Edge', '超级管理员', '2018-11-09 00:09:34', '2018-11-09 00:22:35', '2018-11-09 00:09:34', '2018-11-09 00:22:35', '13分1秒0毫秒', 'false', 'cd16b6ec-247c-4855-b848-e70cb0e8de9a', 'Windows', 'Computer', 'admin');
INSERT INTO `t_sys_monitor_login_record` VALUES ('404118AFDD5942C7B7B58B03115F121A', '192.168.0.100', 'Windows 10', 'Chrome', '超级管理员', '2018-11-06 19:53:11', '2018-11-06 20:20:52', '2018-11-06 19:53:11', '2018-11-06 20:20:52', '27分41秒0毫秒', 'false', '6240888d-6e5e-45cd-910e-8a5a88e55ee5', 'Windows', 'Computer', 'admin');
INSERT INTO `t_sys_monitor_login_record` VALUES ('408E32A6AF9D455799DBC3422457C1B5', '183.6.159.189', 'Windows 10', 'Chrome', '超级管理员', '2018-11-26 09:58:22', '2018-11-26 10:02:32', '2018-11-26 09:58:22', '2018-11-26 10:02:32', '4分10秒0毫秒', 'false', 'c4d2d980-7ab4-45c2-b97a-f30bc20a2866', 'Windows', 'Computer', 'admin');
INSERT INTO `t_sys_monitor_login_record` VALUES ('409E387043104AB3BAB96A4A1A6BB250', '192.168.1.101', 'Windows 10', 'Chrome', '超级管理员', '2018-11-10 15:09:37', '2018-11-10 15:11:12', '2018-11-10 15:09:37', '2018-11-10 15:11:12', '1分35秒0毫秒', 'false', '01513426-85e6-4e23-af04-24f0c34c8e34', 'Windows', 'Computer', 'admin');
INSERT INTO `t_sys_monitor_login_record` VALUES ('40B15CB7298140E48AED25D1E5F2B131', '192.168.0.100', 'Windows 10', 'Chrome', '超级管理员', '2018-11-08 20:04:06', '2018-11-08 20:04:07', '2018-11-08 20:04:06', '2018-11-08 20:07:07', '3分1秒0毫秒', 'false', '37a98d2c-95d6-4f70-9bab-fe6622d7350b', 'Windows', 'Computer', 'admin');
INSERT INTO `t_sys_monitor_login_record` VALUES ('412735532ED44A55B502F98981A73DE1', '192.168.0.100', 'Windows 10', 'Chrome', '超级管理员', '2018-11-07 12:01:25', '2018-11-07 13:42:15', '2018-11-07 12:01:25', '2018-11-07 13:42:15', '1时40分50秒0毫秒', 'false', '541a315c-b11e-4a41-b850-29d7bb78c214', 'Windows', 'Computer', 'admin');
INSERT INTO `t_sys_monitor_login_record` VALUES ('41CCB051DD2A485EA5380A6C43A48A28', '192.168.1.101', 'Windows 10', 'Internet Explorer 11', '管理员', '2018-11-03 14:04:10', '2018-11-03 14:11:55', '2018-11-03 14:04:10', '2018-11-03 14:11:55', '7分45秒0毫秒', 'false', 'fd06b0a2-1489-4e08-85a0-db8412a25401', null, null, 'admin');
INSERT INTO `t_sys_monitor_login_record` VALUES ('424580CE7270431F86766CDEA2D8E2CD', '192.168.0.100', 'Windows 10', 'Chrome', '张三', '2018-12-03 10:43:56', '2018-12-03 10:44:16', '2018-12-03 10:43:56', '2018-12-03 10:44:16', '20秒0毫秒', 'false', 'f92c2972-6b41-4966-8174-5a1d255dc010', 'Windows', 'Computer', 'zhansan');
INSERT INTO `t_sys_monitor_login_record` VALUES ('426C4D6974584E18AA48B1868A89DFF6', '192.168.0.100', 'Windows 10', 'Chrome', '管理员', '2018-10-31 14:39:32', '2018-10-31 16:02:08', '2018-10-31 16:01:20', '2018-11-03 01:14:22', null, 'false', '1e4cd755-d43d-4836-a6cd-ef84c9c244a7', null, null, 'admin');
INSERT INTO `t_sys_monitor_login_record` VALUES ('439BC9BA06D84B88905781BD75032F47', '192.168.0.100', 'Windows 10', 'Microsoft Edge', '超级管理员', '2018-11-08 18:53:29', '2018-11-08 18:57:49', '2018-11-08 18:53:29', '2018-11-08 19:00:49', '7分20秒0毫秒', 'false', '5032becd-72fe-4aca-b3f9-4a50a9b109af', 'Windows', 'Computer', 'admin');
INSERT INTO `t_sys_monitor_login_record` VALUES ('43FE3EC759084CCBAC58506210109103', '192.168.0.100', 'Windows 10', 'Chrome', '管理员', '2018-10-31 19:46:57', '2018-10-31 19:47:06', '2018-10-31 19:46:57', '2018-11-03 01:14:22', '9秒0毫秒', 'false', 'c80f4ea1-f4c6-4279-99d8-ab6b51edbb07', null, null, 'admin');
INSERT INTO `t_sys_monitor_login_record` VALUES ('443B530176F1453C8054FD4739E6B45D', '192.168.1.101', 'Windows 10', 'Chrome', '管理员', '2018-11-03 12:06:44', '2018-11-03 12:16:57', '2018-11-03 12:06:44', '2018-11-03 12:16:57', '10分13秒0毫秒', 'false', '856f81b5-afc9-4ccb-8518-50331107624e', null, null, 'admin');
INSERT INTO `t_sys_monitor_login_record` VALUES ('447D63E583CA44BFBE2D8215A2CC7D7D', '115.193.189.132', 'Windows 7', 'Chrome', '超级管理员', '2018-11-16 10:52:46', '2018-11-16 10:53:21', '2018-11-16 10:52:46', '2018-11-16 11:23:21', '30分35秒0毫秒', 'false', '40e4ebfd-ec8c-4b72-bd66-222a2e6dcc91', 'Windows', 'Computer', 'admin');
INSERT INTO `t_sys_monitor_login_record` VALUES ('449DD604706F4A98AEA24F0BFDA1247B', '192.168.0.100', 'Windows 10', 'Chrome', '管理员', '2018-10-31 14:14:45', '2018-10-31 16:02:08', '2018-10-31 16:01:20', '2018-11-03 01:14:22', null, 'false', '2a7e24f7-87af-45c1-ad51-4175b5d560f5', null, null, 'admin');
INSERT INTO `t_sys_monitor_login_record` VALUES ('44CD46FDF19D48F58F42F06BA6B5CD25', '192.168.1.101', 'Windows 10', 'Microsoft Edge', '管理员', '2018-11-03 12:16:13', '2018-11-03 12:16:16', '2018-11-03 12:16:13', '2018-11-03 12:16:16', '3秒0毫秒', 'false', 'e0231ecb-a876-4dee-83d2-f93440e72a69', null, null, 'admin');
INSERT INTO `t_sys_monitor_login_record` VALUES ('44CDDD11822F4AF7A6572F9D79FDA633', '192.168.1.101', 'Windows 10', 'Chrome', '超级管理员', '2018-11-10 15:02:25', '2018-11-10 15:03:05', '2018-11-10 15:02:25', '2018-11-10 15:03:05', '40秒0毫秒', 'false', '9df61f13-7d85-421c-a497-db5492aea1c0', 'Windows', 'Computer', 'admin');
INSERT INTO `t_sys_monitor_login_record` VALUES ('44D759A06AB24726BE3D8D78E2838B97', '192.168.0.100', 'Windows 10', 'Chrome', '管理员', '2018-10-31 17:55:57', '2018-10-31 17:55:57', '2018-10-31 18:20:48', '2018-11-03 01:14:22', null, 'false', '10656b4a-1536-43b6-a817-f50f12a9e447', null, null, 'admin');
INSERT INTO `t_sys_monitor_login_record` VALUES ('4564C3CA3A2C4AE0B8E5E0B44017984E', '192.168.0.100', 'Windows 10', 'Chrome', '超级管理员', '2018-11-07 19:16:09', '2018-11-07 19:34:48', '2018-11-07 19:16:09', '2018-11-07 19:34:48', '18分39秒0毫秒', 'false', '1633f495-9835-4e07-8c5a-45ba3852e686', 'Windows', 'Computer', 'admin');
INSERT INTO `t_sys_monitor_login_record` VALUES ('45E04C27372D46E0857F433E9CE0491E', '192.168.1.101', 'Windows 10', 'Chrome', '超级管理员', '2018-11-04 04:13:09', '2018-11-04 04:14:44', '2018-11-04 04:13:09', '2018-11-04 04:14:44', '1分35秒0毫秒', 'false', '4550af27-33ad-45f3-83cc-4fcc95bece6e', 'Windows', 'Computer', 'admin');
INSERT INTO `t_sys_monitor_login_record` VALUES ('47129AA96644419682A370948D7B4E4E', '192.168.1.101', 'Windows 10', 'Chrome', '超级管理员', '2018-11-04 21:36:18', '2018-11-04 21:36:44', '2018-11-04 21:36:18', '2018-11-04 21:36:44', '26秒0毫秒', 'false', 'a684454c-192d-4415-86ad-bd0f9c5b44cf', 'Windows', 'Computer', 'admin');
INSERT INTO `t_sys_monitor_login_record` VALUES ('473521AF502547D5BCD8B7E6B6851E85', '192.168.0.100', 'Windows 10', 'Microsoft Edge', '超级管理员', '2018-11-08 19:24:54', '2018-11-08 19:25:14', '2018-11-08 19:24:54', '2018-11-08 19:28:14', '3分20秒0毫秒', 'false', 'b41c5005-9357-4f88-aebe-390e2a56dcd9', 'Windows', 'Computer', 'admin');
INSERT INTO `t_sys_monitor_login_record` VALUES ('47D08EFDDB2D489298E01D0856E3D5E0', '192.168.1.101', 'Windows 10', 'Microsoft Edge', '超级管理员', '2018-11-09 00:40:25', '2018-11-09 00:46:59', '2018-11-09 00:40:25', '2018-11-09 00:46:59', '6分34秒0毫秒', 'false', 'e8d65af4-6652-4642-bfae-a3a3ada55771', 'Windows', 'Computer', 'admin');
INSERT INTO `t_sys_monitor_login_record` VALUES ('47E4D6A4860B4BDABE96B4C429411064', '192.168.1.101', 'Windows 10', 'Chrome', '超级管理员', '2018-11-04 18:41:05', '2018-11-04 20:06:09', '2018-11-04 18:41:05', '2018-11-04 20:36:09', '1时55分4秒0毫秒', 'false', '0076ebdd-69e9-4d72-aba9-80d3602f5c4f', 'Windows', 'Computer', 'admin');
INSERT INTO `t_sys_monitor_login_record` VALUES ('4806DC3E22CD4B508F0B0F547C0A6651', '192.168.0.100', 'Windows 10', 'Chrome', '超级管理员', '2018-11-08 14:14:44', '2018-11-08 14:14:45', '2018-11-08 14:14:44', '2018-11-08 16:59:33', '1秒0毫秒', 'false', '1e313e63-89bc-4a87-bfb6-9431160b38ee', 'Windows', 'Computer', 'admin');
INSERT INTO `t_sys_monitor_login_record` VALUES ('490AAD3418584EBBB98686C8ACAB7465', '58.16.58.40', 'Mac OS X', 'Chrome', '超级管理员', '2018-11-12 17:39:47', '2018-11-12 18:19:32', '2018-11-12 17:39:47', '2018-11-12 18:49:32', '1时9分45秒0毫秒', 'false', 'd251448a-7abd-4bb1-a1cf-59b29337c9fe', 'Mac OS X', 'Computer', 'admin');
INSERT INTO `t_sys_monitor_login_record` VALUES ('49BFC0E104434D97AC3F9FB367D3210E', '117.136.41.66', 'Android 6.x', 'Chrome Mobile', '超级管理员', '2018-11-13 09:12:31', '2018-11-13 09:23:32', '2018-11-13 09:12:31', '2018-11-13 09:23:32', '11分1秒0毫秒', 'false', 'ac21543d-d583-4c7f-a4f2-0ccd08290aae', 'Android', 'Mobile', 'admin');
INSERT INTO `t_sys_monitor_login_record` VALUES ('49D73CBEC3F44D0AA62A260C770ED0F2', '192.168.0.100', 'Windows 10', 'Chrome', '超级管理员', '2018-11-06 15:31:20', '2018-11-06 15:32:07', '2018-11-06 15:31:20', '2018-11-06 15:32:07', '47秒0毫秒', 'false', '8cd3f182-a5fa-4223-9070-110ff478872a', 'Windows', 'Computer', 'admin');
INSERT INTO `t_sys_monitor_login_record` VALUES ('49EA6DADE22D4106A7988CE832A86A51', '192.168.1.101', 'Windows 10', 'Microsoft Edge', '管理员', '2018-11-03 13:47:41', '2018-11-03 13:59:57', '2018-11-03 13:47:41', '2018-11-03 13:59:57', '12分16秒0毫秒', 'false', '5e77ab59-dd5a-4450-a88c-c09b4d6720c0', null, null, 'admin');
INSERT INTO `t_sys_monitor_login_record` VALUES ('4A064948F3B4416292179CDF0F2AC46E', '192.168.0.100', 'Windows 10', 'Chrome', '超级管理员', '2018-12-03 10:44:17', '2018-12-03 11:20:37', '2018-12-03 10:44:17', '2018-12-03 11:20:37', '36分20秒0毫秒', 'false', 'fc73ba32-df15-4124-aa0d-d72e97be59be', 'Windows', 'Computer', 'admin');
INSERT INTO `t_sys_monitor_login_record` VALUES ('4B02AFFED6584FD9B68B1353B2203690', '192.168.43.55', 'Windows 10', 'Chrome', '超级管理员', '2018-11-15 15:06:17', '2018-11-15 17:44:49', '2018-11-15 15:06:17', '2018-11-15 18:14:49', '3时8分32秒0毫秒', 'false', '822cdd93-d66a-4108-a0c5-af75f6463985', 'Windows', 'Computer', 'admin');
INSERT INTO `t_sys_monitor_login_record` VALUES ('4B5DD84CA98443E8AA7DACA95BBF2342', '192.168.0.100', 'Windows 10', 'Chrome', '管理员', '2018-10-31 19:43:31', '2018-10-31 19:44:07', '2018-10-31 19:43:31', '2018-11-03 01:14:22', '36秒0毫秒', 'false', '976a7d34-88b9-4052-aa3d-95d4e8392c8f', null, null, 'admin');
INSERT INTO `t_sys_monitor_login_record` VALUES ('4B613E4EEE4F426B84AD700FD3806B5E', '192.168.0.100', 'Windows 10', 'Chrome', '张三', '2018-12-03 17:17:44', '2018-12-03 17:18:05', '2018-12-03 17:17:44', '2018-12-03 17:18:05', '21秒0毫秒', 'false', 'a81c7475-ea3e-4643-a760-883387f25865', 'Windows', 'Computer', 'zhansan');
INSERT INTO `t_sys_monitor_login_record` VALUES ('4C5F7C6D2B1349C6BC00FB0A6CA717A2', '192.168.1.101', 'Windows 10', 'Chrome', '超级管理员', '2018-11-10 15:09:37', '2018-11-10 15:12:58', '2018-11-10 15:09:37', '2018-11-10 15:12:59', '3分22秒0毫秒', 'false', '01513426-85e6-4e23-af04-24f0c34c8e34', 'Windows', 'Computer', 'admin');
INSERT INTO `t_sys_monitor_login_record` VALUES ('4D2A64F6E9524FD2923F11F492DCEE10', '192.168.0.100', 'Windows 10', 'Microsoft Edge', '超级管理员', '2018-11-08 21:47:47', '2018-11-08 21:52:23', '2018-11-08 21:47:47', '2018-11-08 21:55:23', '7分36秒0毫秒', 'false', '21b7553c-9ee8-425f-b627-a676125f0708', 'Windows', 'Computer', 'admin');
INSERT INTO `t_sys_monitor_login_record` VALUES ('4D392E16B239409F824B5DA297D72C32', '192.168.43.55', 'Windows 10', 'Chrome', '超级管理员', '2018-11-26 15:17:41', '2018-11-26 16:03:33', '2018-11-26 15:17:41', '2018-11-26 16:33:33', '1时15分52秒0毫秒', 'false', 'b51a76da-d773-4be9-9cca-f95daabd5fb3', 'Windows', 'Computer', 'admin');
INSERT INTO `t_sys_monitor_login_record` VALUES ('4DC37C9A17F54648859CD42607FD3604', '192.168.1.101', 'Windows 10', 'Chrome', '超级管理员', '2018-11-10 15:52:15', '2018-11-10 15:52:39', '2018-11-10 15:52:15', '2018-11-10 15:55:39', '3分24秒0毫秒', 'false', '11ae0dca-b31a-4acc-990b-5f446407f579', 'Windows', 'Computer', 'admin');
INSERT INTO `t_sys_monitor_login_record` VALUES ('4E93D15997EA41F29CC487F4301BF42E', '192.168.0.100', 'Windows 10', 'Microsoft Edge', '超级管理员', '2018-11-08 17:09:14', '2018-11-08 17:09:19', '2018-11-08 17:09:14', '2018-11-08 17:12:19', '3分5秒0毫秒', 'false', 'a3af8bd7-3dd7-49ac-8b92-04399e45b320', 'Windows', 'Computer', 'admin');
INSERT INTO `t_sys_monitor_login_record` VALUES ('4E97F9EDA5C04FCCA5FFE1598B046A30', '192.168.1.100', 'Android 6.x', 'Chrome Mobile', '管理员', '2018-11-03 15:00:23', '2018-11-03 15:51:49', '2018-11-03 15:00:23', '2018-11-03 15:51:49', '51分26秒0毫秒', 'false', '9446ba5f-791c-429e-b0df-63446934e25e', 'Android', 'Mobile', 'admin');
INSERT INTO `t_sys_monitor_login_record` VALUES ('4ECBC102397643B8A71A238425192E11', '192.168.0.154', 'Android 6.x', 'Chrome Mobile', '管理员', '2018-11-01 11:55:48', '2018-11-01 12:04:25', '2018-11-01 11:55:48', '2018-11-03 01:14:22', '8分37秒0毫秒', 'false', '2c31d04f-f806-40b2-8247-db835f2aefc9', null, null, 'admin');
INSERT INTO `t_sys_monitor_login_record` VALUES ('4EFE8FE99E8840E78671AC12DD4AD3DD', '192.168.0.100', 'Windows 10', 'Microsoft Edge', '管理员', '2018-10-31 19:31:17', '2018-10-31 19:35:53', '2018-10-31 19:31:17', '2018-11-03 01:14:22', '4分36秒0毫秒', 'false', 'e4897cc8-395c-4f5c-bedf-7fa36ab05f2f', null, null, 'admin');
INSERT INTO `t_sys_monitor_login_record` VALUES ('50293CE0BBDF4830B53512E8DB9D74D8', '192.168.0.100', 'Windows 10', 'Chrome', '超级管理员', '2018-12-03 17:06:58', '2018-12-03 17:07:56', '2018-12-03 17:06:58', '2018-12-03 17:07:56', '58秒0毫秒', 'false', '364b692e-9693-4723-b235-d40741b7a0d3', 'Windows', 'Computer', 'admin');
INSERT INTO `t_sys_monitor_login_record` VALUES ('507A1773F1144E3A884E3D36834AE14A', '183.6.159.189', 'Windows 10', 'Chrome', '超级管理员', '2018-11-29 16:23:04', '2018-11-29 16:23:28', '2018-11-29 16:23:04', '2018-11-29 16:23:28', '24秒0毫秒', 'false', 'cd1a4116-a193-4630-9645-2d2981ad4a0a', 'Windows', 'Computer', 'admin');
INSERT INTO `t_sys_monitor_login_record` VALUES ('50A4CB279FCD41629975BFA6D28CCFEA', '192.168.1.101', 'Windows 10', 'Chrome', '超级管理员', '2018-11-04 14:01:31', '2018-11-04 17:22:59', '2018-11-04 14:01:31', '2018-11-04 17:52:59', '3时51分28秒0毫秒', 'false', '18088413-2e7b-4880-9c63-23b94899ba31', 'Windows', 'Computer', 'admin');
INSERT INTO `t_sys_monitor_login_record` VALUES ('50F2EE4D767141FB9A8B53B499E96413', '192.168.1.100', 'Android 6.x', 'Chrome Mobile', '管理员', '2018-11-03 14:13:56', '2018-11-03 14:45:17', '2018-11-03 14:13:56', '2018-11-03 14:45:17', '31分21秒0毫秒', 'false', '90371ae0-83c8-4795-9513-6e6a604be65c', null, null, 'admin');
INSERT INTO `t_sys_monitor_login_record` VALUES ('516B957F7B3749858C2789547A91A91B', '192.168.0.100', 'Windows 10', 'Chrome', '超级管理员', '2018-12-03 17:15:34', '2018-12-03 17:15:51', '2018-12-03 17:15:34', '2018-12-03 17:15:51', '17秒0毫秒', 'false', '5dc4f1d8-14bb-4e54-a3f0-9bfaa7514bc0', 'Windows', 'Computer', 'admin');
INSERT INTO `t_sys_monitor_login_record` VALUES ('51A50535066E466B92C7C3B0A4850E41', '192.168.0.100', 'Windows 10', 'Chrome', '超级管理员', '2018-11-08 13:05:23', '2018-11-08 13:06:20', '2018-11-08 13:05:23', '2018-11-08 13:06:20', '57秒0毫秒', 'false', '1b9124c3-06d2-4d8f-8437-33b0163a4d39', 'Windows', 'Computer', 'admin');
INSERT INTO `t_sys_monitor_login_record` VALUES ('51B5F0DAE5B3456F821D46676F616177', '192.168.1.101', 'Windows 10', 'Chrome', '超级管理员', '2018-11-10 11:08:50', '2018-11-10 12:56:48', '2018-11-10 11:08:50', '2018-11-10 12:59:48', '1时50分58秒0毫秒', 'false', 'e89fab7f-4156-4153-bcf5-7d7cab3da18b', 'Windows', 'Computer', 'admin');
INSERT INTO `t_sys_monitor_login_record` VALUES ('53D88094A9B949ACB53E9844FA511C01', '192.168.0.100', 'Windows 10', 'Chrome', '管理员', '2018-10-31 18:40:25', '2018-10-31 18:41:15', '2018-10-31 18:41:13', '2018-11-03 01:14:22', null, 'false', '0186544e-b258-44a3-a640-aab71bbd07a5', null, null, 'admin');
INSERT INTO `t_sys_monitor_login_record` VALUES ('5506652247604EA4A69B392898169D6B', '192.168.0.100', 'Windows 10', 'Chrome', '超级管理员', '2018-12-04 16:44:56', '2018-12-04 16:45:47', '2018-12-04 16:44:56', '2018-12-04 16:45:47', '51秒0毫秒', 'false', '486cf9c3-6479-4384-bb85-fa9970d2595c', 'Windows', 'Computer', 'admin');
INSERT INTO `t_sys_monitor_login_record` VALUES ('5675E5A6797945E0881DE2F7013C66A9', '192.168.0.100', 'Windows 10', 'Chrome', '超级管理员', '2018-11-08 15:39:14', '2018-11-08 15:39:44', '2018-11-08 15:39:14', '2018-11-08 15:42:44', '3分30秒0毫秒', 'false', '18e054a2-f303-4849-995b-e875bb9754c8', 'Windows', 'Computer', 'admin');
INSERT INTO `t_sys_monitor_login_record` VALUES ('56D5E4916E41483BB25B46CE5FDF3EF1', '192.168.1.100', 'Android 6.x', 'Chrome Mobile', '管理员', '2018-11-03 14:07:41', '2018-11-03 14:13:56', '2018-11-03 14:07:41', '2018-11-03 14:13:56', '6分15秒0毫秒', 'false', 'd0919208-f430-41a8-bafa-24d00ce405e8', null, null, 'admin');
INSERT INTO `t_sys_monitor_login_record` VALUES ('574C4549763342DDA7A4B875144A3004', '192.168.0.100', 'Windows 10', 'Chrome', '超级管理员', '2018-11-08 13:07:10', '2018-11-08 13:08:13', '2018-11-08 13:07:10', '2018-11-08 13:11:13', '4分3秒0毫秒', 'false', '8354128c-d652-4170-a2cd-079242fbfbc7', 'Windows', 'Computer', 'admin');
INSERT INTO `t_sys_monitor_login_record` VALUES ('583F1FA02DB943FCBD1689BCE77FC32B', '192.168.0.100', 'Windows 10', 'Chrome', '超级管理员', '2018-11-12 13:06:44', '2018-11-12 13:11:55', '2018-11-12 13:06:44', '2018-11-12 13:14:55', '8分11秒0毫秒', 'false', 'ac6adbd9-9693-46da-87ec-4f32dc68cec2', 'Windows', 'Computer', 'admin');
INSERT INTO `t_sys_monitor_login_record` VALUES ('583F6272409E46C58FA5D9192A824A9A', '192.168.0.100', 'Windows 10', 'Chrome', '超级管理员', '2018-11-08 13:06:20', '2018-11-08 13:07:10', '2018-11-08 13:06:20', '2018-11-08 13:07:10', '50秒0毫秒', 'false', '3c7a9e60-5c09-4947-957b-2c78f891486d', 'Windows', 'Computer', 'admin');
INSERT INTO `t_sys_monitor_login_record` VALUES ('584771213CF840A6B14564153A886431', '192.168.1.101', 'Windows 10', 'Chrome', '管理员', '2018-11-02 23:20:03', '2018-11-02 23:25:37', '2018-11-02 23:20:03', '2018-11-03 01:14:22', '5分34秒0毫秒', 'false', '12d8fb70-1766-49fa-9d3c-80be62aa964a', null, null, 'admin');
INSERT INTO `t_sys_monitor_login_record` VALUES ('588B70C9EFF24444A477C99CEFFCBADB', '192.168.1.101', 'Windows 10', 'Microsoft Edge', '管理员', '2018-11-03 12:19:31', '2018-11-03 12:20:25', '2018-11-03 12:19:31', '2018-11-03 12:20:25', '54秒0毫秒', 'false', '146566f8-e914-4044-ad7c-baa5cf8df47d', null, null, 'admin');
INSERT INTO `t_sys_monitor_login_record` VALUES ('589C445BF8D54F9EBAC1C208D838962A', '192.168.0.100', 'Windows 10', 'Chrome', '管理员', '2018-10-31 18:38:13', '2018-10-31 18:40:25', '2018-10-31 18:38:40', '2018-11-03 01:14:22', null, 'false', '038e5044-7138-4aa5-a81e-acf33c925adb', null, null, 'admin');
INSERT INTO `t_sys_monitor_login_record` VALUES ('58CE801141C343308DFF97E93E29832A', '192.168.0.100', 'Windows 10', 'Chrome', '超级管理员', '2018-11-08 14:09:30', '2018-11-08 14:09:38', '2018-11-08 14:09:30', '2018-11-08 16:59:33', '8秒0毫秒', 'false', '2ca97ea9-e2bf-4d77-9031-fb199e77d2cf', 'Windows', 'Computer', 'admin');
INSERT INTO `t_sys_monitor_login_record` VALUES ('59EEFA75D1BF426DA9EDD3E1615687A4', '192.168.0.100', 'Windows 10', 'Chrome', '超级管理员', '2018-11-07 13:42:15', '2018-11-07 16:04:36', '2018-11-07 13:42:15', '2018-11-07 16:04:36', '2时22分21秒0毫秒', 'false', '2ab23a19-fd4a-4b5a-88be-77371945b904', 'Windows', 'Computer', 'admin');
INSERT INTO `t_sys_monitor_login_record` VALUES ('5A4070B280EB4430B25BD96350A7117F', '192.168.0.100', 'Windows 10', 'Microsoft Edge', '管理员', '2018-11-01 13:28:24', '2018-11-01 13:33:22', '2018-11-01 13:28:24', '2018-11-03 01:14:22', '4分58秒0毫秒', 'false', '56659963-0dc0-4b0d-83d6-54b209bb9123', null, null, 'admin');
INSERT INTO `t_sys_monitor_login_record` VALUES ('5B0943F9E4FE45E8BF34BBDC0FF8DD88', '192.168.0.100', 'Windows 10', 'Chrome', '张三', '2018-11-30 16:24:30', '2018-11-30 16:25:45', '2018-11-30 16:24:30', '2018-11-30 16:25:45', '1分15秒0毫秒', 'false', '03fe2b9a-2e68-4bbd-b14b-b3d20f595647', 'Windows', 'Computer', 'zhansan');
INSERT INTO `t_sys_monitor_login_record` VALUES ('5B437DD3A5EF493BADD1D274A92437D6', '192.168.0.100', 'Windows 10', 'Chrome', '超级管理员', '2018-11-08 12:46:09', '2018-11-08 12:46:13', '2018-11-08 12:46:09', '2018-11-08 12:49:13', '3分4秒0毫秒', 'false', 'c2cb75d2-d91c-4ee7-8975-f50fb776ce9f', 'Windows', 'Computer', 'admin');
INSERT INTO `t_sys_monitor_login_record` VALUES ('5BA2BA66521D49CC8D90BE342680410B', '192.168.0.100', 'Windows 10', 'Internet Explorer 11', '超级管理员', '2018-11-08 16:15:11', '2018-11-08 16:15:30', '2018-11-08 16:15:11', '2018-11-08 16:18:30', '3分19秒0毫秒', 'false', '80e86546-e168-4bfd-8ef5-4d86315efe7c', 'Windows', 'Computer', 'admin');
INSERT INTO `t_sys_monitor_login_record` VALUES ('5DD4EECD06644FE1B5E068D47F56F84C', '192.168.1.101', 'Windows 10', 'Chrome', '管理员', '2018-10-31 23:22:22', '2018-10-31 23:54:46', '2018-10-31 23:22:22', '2018-11-03 01:14:22', '32分24秒0毫秒', 'false', '592ab605-d1d1-44d4-a682-f3b81dc67607', null, null, 'admin');
INSERT INTO `t_sys_monitor_login_record` VALUES ('5EEE469CF307454DA0931CEC2D2A3CAD', '192.168.1.101', 'Windows 10', 'Chrome', '超级管理员', '2018-11-10 15:09:37', '2018-11-10 15:20:13', '2018-11-10 15:09:37', '2018-11-10 15:20:13', '10分36秒0毫秒', 'false', '01513426-85e6-4e23-af04-24f0c34c8e34', 'Windows', 'Computer', 'admin');
INSERT INTO `t_sys_monitor_login_record` VALUES ('5F577183DE2B4AD3BDB55B8F64B31844', '192.168.0.100', 'Windows 10', 'Chrome', '超级管理员', '2018-11-30 17:29:19', '2018-11-30 18:08:36', '2018-11-30 17:29:19', '2018-11-30 18:08:36', '39分17秒0毫秒', 'false', 'b74f917c-fdf5-4ca0-b6dd-67dc695498fc', 'Windows', 'Computer', 'admin');
INSERT INTO `t_sys_monitor_login_record` VALUES ('5FAFA0CED8454D3F89DB0B631D6D6129', '192.168.1.101', 'Windows 10', 'Chrome', '管理员', '2018-11-01 22:17:16', '2018-11-01 22:20:04', '2018-11-01 22:17:16', '2018-11-03 01:14:22', '2分48秒0毫秒', 'false', 'e2de485d-385a-469f-b513-c9fa01eaea42', null, null, 'admin');
INSERT INTO `t_sys_monitor_login_record` VALUES ('5FB72D40242A4C43B08696C55283F01B', '192.168.0.100', 'Windows 10', 'Chrome', '管理员', '2018-10-31 18:43:13', '2018-10-31 18:44:51', '2018-10-31 18:43:38', '2018-11-03 01:14:22', '1分13秒0毫秒', 'false', '3d7db9c1-8815-4c04-a604-cbaca922cb0c', null, null, 'admin');
INSERT INTO `t_sys_monitor_login_record` VALUES ('616EC02E3D654FEBB027E0E28225CD50', '192.168.0.100', 'Windows 10', 'Chrome', '超级管理员', '2018-11-30 18:11:49', '2018-11-30 18:15:59', '2018-11-30 18:11:49', '2018-11-30 18:15:59', '4分10秒0毫秒', 'false', 'e330f0f1-1ef7-42cc-9ead-e02d620538ba', 'Windows', 'Computer', 'admin');
INSERT INTO `t_sys_monitor_login_record` VALUES ('61FA59ECFD8F49AD805DC00530767C12', '192.168.0.154', 'Android 6.x', 'Chrome Mobile', '管理员', '2018-10-31 19:29:56', '2018-10-31 19:30:15', '2018-10-31 19:29:56', '2018-11-03 01:14:22', '19秒0毫秒', 'false', '57cc8a21-2b8f-4a1c-b2cc-0a059628ddef', null, null, 'admin');
INSERT INTO `t_sys_monitor_login_record` VALUES ('6237B78D28874AF281CC69C4585BB6F7', '192.168.0.100', 'Windows 10', 'Chrome', '张三', '2018-11-30 16:27:05', '2018-11-30 16:27:33', '2018-11-30 16:27:05', '2018-11-30 16:27:33', '28秒0毫秒', 'false', 'cba7dad9-e52c-48e2-bca7-d4d4c34ad98d', 'Windows', 'Computer', 'zhansan');
INSERT INTO `t_sys_monitor_login_record` VALUES ('623839D283904A48ADBA3A3763EDEE68', '192.168.0.100', 'Windows 10', 'Chrome', '超级管理员', '2018-11-14 15:50:57', '2018-11-14 17:53:01', '2018-11-14 15:50:57', '2018-11-14 18:23:01', '2时32分4秒0毫秒', 'false', '9276accc-a1cf-43ee-9ffd-65106059a2ac', 'Windows', 'Computer', 'admin');
INSERT INTO `t_sys_monitor_login_record` VALUES ('6278E63980BB4AE288FE008AF75CD1D9', '192.168.1.101', 'Windows 10', 'Chrome', '管理员', '2018-11-03 13:40:10', '2018-11-03 13:44:42', '2018-11-03 13:40:10', '2018-11-03 13:44:42', '4分32秒0毫秒', 'false', '16d8b3d2-016d-4741-a4ad-fda7fe0b3040', null, null, 'admin');
INSERT INTO `t_sys_monitor_login_record` VALUES ('62C95943681E4EB9A5EEDCE3194EE018', '192.168.0.100', 'Windows 10', 'Chrome', '超级管理员', '2018-11-26 10:11:02', '2018-11-26 11:10:53', '2018-11-26 10:11:02', '2018-11-26 11:40:53', '1时29分51秒0毫秒', 'false', 'f4e10fa9-929b-4936-bb79-650bda62db41', 'Windows', 'Computer', 'admin');
INSERT INTO `t_sys_monitor_login_record` VALUES ('633AF9517B054C9D86C10B7DF5736610', '192.168.0.100', 'Windows 10', 'Chrome', '管理员', '2018-10-31 15:58:21', '2018-10-31 16:02:08', '2018-10-31 16:01:20', '2018-11-03 01:14:22', null, 'false', 'f4177525-8031-440a-9237-7db3569ad03a', null, null, 'admin');
INSERT INTO `t_sys_monitor_login_record` VALUES ('6407B57422B54180A2FBB9BE6CF06A10', '192.168.0.100', 'Windows 10', 'Microsoft Edge', '超级管理员', '2018-11-08 21:31:32', '2018-11-08 21:35:42', '2018-11-08 21:31:32', '2018-11-08 21:35:42', '4分10秒0毫秒', 'false', 'c41a693f-77b3-47bf-8fad-59fbba59504e', 'Windows', 'Computer', 'admin');
INSERT INTO `t_sys_monitor_login_record` VALUES ('64BEB679626D419CB69737C5209987DD', '192.168.0.100', 'Windows 10', 'Microsoft Edge', '超级管理员', '2018-11-08 18:58:02', '2018-11-08 18:58:20', '2018-11-08 18:58:02', '2018-11-08 19:01:20', '3分18秒0毫秒', 'false', '75985d17-9dae-43ab-8230-15819e08230c', 'Windows', 'Computer', 'admin');
INSERT INTO `t_sys_monitor_login_record` VALUES ('652772D110874E76BA559111B4A22A4C', '192.168.1.101', 'Windows 10', 'Chrome', '超级管理员', '2018-11-09 01:00:56', '2018-11-09 01:07:19', '2018-11-09 01:00:56', '2018-11-09 01:07:19', '6分23秒0毫秒', 'false', 'fe4c940b-a861-4604-bf05-7508c9f093b6', 'Windows', 'Computer', 'admin');
INSERT INTO `t_sys_monitor_login_record` VALUES ('6555E8A5AC704492899ECD1B81BD207F', '192.168.0.100', 'Windows 10', 'Microsoft Edge', '超级管理员', '2018-11-08 18:17:38', '2018-11-08 18:17:39', '2018-11-08 18:17:38', '2018-11-08 18:20:39', '3分1秒0毫秒', 'false', 'f4f68cc6-53ad-40d7-bd45-d66463abc7f0', 'Windows', 'Computer', 'admin');
INSERT INTO `t_sys_monitor_login_record` VALUES ('6565160CBC654CE1A8C1F04FA4E8E063', '113.106.125.42', 'Windows 10', 'Chrome', '超级管理员', '2018-11-13 09:12:32', '2018-11-13 09:13:03', '2018-11-13 09:12:32', '2018-11-13 09:43:03', '30分31秒0毫秒', 'false', '9a23238d-b82d-447d-a47c-600c518dcb0e', 'Windows', 'Computer', 'admin');
INSERT INTO `t_sys_monitor_login_record` VALUES ('6615B1A206C9424BAAB83231E7B5F5A3', '192.168.0.154', 'Android 6.x', 'Chrome Mobile', '管理员', '2018-10-31 18:39:01', '2018-10-31 18:39:34', '2018-10-31 18:39:11', '2018-11-03 01:14:22', null, 'false', '291c8429-a63a-4f4d-827e-5d9db39ef463', null, null, 'admin');
INSERT INTO `t_sys_monitor_login_record` VALUES ('66699899EDE34AD9AD7C983AF2FC6479', '192.168.1.101', 'Windows 10', 'Chrome', '管理员', '2018-11-01 23:50:19', '2018-11-02 00:04:13', '2018-11-01 23:50:19', '2018-11-03 01:14:22', '13分54秒0毫秒', 'false', '1880f27b-d8a5-4b25-8a3d-855f4b2c7cb7', null, null, 'admin');
INSERT INTO `t_sys_monitor_login_record` VALUES ('66A79278E85A49ADB925DA0EC5AFAB60', '192.168.0.100', 'Windows 10', 'Chrome', '管理员', '2018-10-31 19:38:17', '2018-10-31 19:41:49', '2018-10-31 19:38:17', '2018-11-03 01:14:22', '3分32秒0毫秒', 'false', '2542f00b-bc5b-4d5f-8f80-588388c8e70c', null, null, 'admin');
INSERT INTO `t_sys_monitor_login_record` VALUES ('66DDAC21A4F641FA9531E9EAEE394376', '192.168.1.100', 'Android 6.x', 'Chrome Mobile', '管理员', '2018-11-03 14:48:00', '2018-11-03 14:48:40', '2018-11-03 14:48:00', '2018-11-03 14:48:40', '40秒0毫秒', 'false', 'a4bb9f5d-580b-435f-95b0-73542b467e2b', null, null, 'admin');
INSERT INTO `t_sys_monitor_login_record` VALUES ('67165E2485EE4A4081D4B4A4D7DB30D6', '192.168.0.100', 'Windows 10', 'Microsoft Edge', '超级管理员', '2018-11-08 17:05:22', '2018-11-08 17:05:28', '2018-11-08 17:05:22', '2018-11-08 17:08:28', '3分6秒0毫秒', 'false', '1a397a3f-d97e-4edd-afe7-81e42940532f', 'Windows', 'Computer', 'admin');
INSERT INTO `t_sys_monitor_login_record` VALUES ('675BBB6B579748C187D3D6E23F929812', '192.168.0.100', 'Windows 10', 'Microsoft Edge', '超级管理员', '2018-11-12 09:49:54', '2018-11-12 09:52:30', '2018-11-12 09:49:54', '2018-11-12 09:52:30', '2分36秒0毫秒', 'false', 'f1b0e521-ac66-4ad5-8ccc-deaaad3f1551', 'Windows', 'Computer', 'admin');
INSERT INTO `t_sys_monitor_login_record` VALUES ('688D8E7B520E41E0AF088ECF9DD0BC9B', '192.168.1.101', 'Windows 10', 'Chrome', '超级管理员', '2018-11-06 00:10:52', '2018-11-06 00:10:58', '2018-11-06 00:10:52', '2018-11-06 00:10:58', '6秒0毫秒', 'false', '17fef12f-fa51-481c-9278-91c2c00ad735', 'Windows', 'Computer', 'admin');
INSERT INTO `t_sys_monitor_login_record` VALUES ('68DD414E2640493E91895BCFDF312C84', '192.168.0.100', 'Windows 10', 'Chrome', '管理员', '2018-10-31 15:51:17', '2018-10-31 16:02:08', '2018-10-31 16:01:20', '2018-11-03 01:14:22', null, 'false', '9070064b-269a-43bf-ae4b-11ab83ba0775', null, null, 'admin');
INSERT INTO `t_sys_monitor_login_record` VALUES ('68EE6A93908A485F92DDA8956A9212FB', '117.136.41.33', 'Android 6.x', 'Chrome Mobile', '超级管理员', '2018-11-12 17:52:38', '2018-11-12 17:58:17', '2018-11-12 17:52:38', '2018-11-12 17:58:17', '5分39秒0毫秒', 'false', '1030c32a-8b24-4ab6-bab5-2d25b6a2adca', 'Android', 'Mobile', 'admin');
INSERT INTO `t_sys_monitor_login_record` VALUES ('691543550CD645F9A365686146A6EB89', '192.168.1.101', 'Windows 10', 'Chrome', '管理员', '2018-11-03 01:38:41', '2018-11-03 01:50:04', '2018-11-03 01:38:41', '2018-11-03 01:50:04', '11分23秒0毫秒', 'false', '90498158-4f34-49b6-80bb-cfc5301a60f2', null, null, 'admin');
INSERT INTO `t_sys_monitor_login_record` VALUES ('6937F8745E204A9392A0040718310256', '192.168.1.100', 'Android 6.x', 'Chrome Mobile', '管理员', '2018-11-02 00:45:24', '2018-11-02 00:46:05', '2018-11-02 00:45:24', '2018-11-03 01:14:22', '41秒0毫秒', 'false', '9108540a-13a5-407a-a52e-293751a4edeb', null, null, 'admin');
INSERT INTO `t_sys_monitor_login_record` VALUES ('69DFF6DD6DC94966A02023DBA24AF039', '192.168.0.100', 'Windows 10', 'Microsoft Edge', '超级管理员', '2018-11-08 21:41:32', '2018-11-08 21:46:22', '2018-11-08 21:41:32', '2018-11-08 21:46:22', '4分50秒0毫秒', 'false', '3c5f42a3-f632-4d02-955d-7bebe58149b4', 'Windows', 'Computer', 'admin');
INSERT INTO `t_sys_monitor_login_record` VALUES ('6A4F58421E5E4E7AAFA3A843A66615E2', '192.168.0.100', 'Windows 10', 'Microsoft Edge', '超级管理员', '2018-11-08 18:44:06', '2018-11-08 18:44:30', '2018-11-08 18:44:06', '2018-11-08 18:47:30', '3分24秒0毫秒', 'false', '3f58147a-a080-435d-b13f-7aab81ee21eb', 'Windows', 'Computer', 'admin');
INSERT INTO `t_sys_monitor_login_record` VALUES ('6A98895C3E0146FD93E28C99156B5BA2', '192.168.0.100', 'Windows 10', 'Chrome', '超级管理员', '2018-11-12 15:21:18', '2018-11-12 15:21:29', '2018-11-12 15:21:18', '2018-11-12 15:21:29', '11秒0毫秒', 'false', 'bdd44ca9-ace0-4283-a2f2-8d09e2ce4d7a', 'Windows', 'Computer', 'admin');
INSERT INTO `t_sys_monitor_login_record` VALUES ('6B3FDB01E30E42D38395567EB9ABC945', '192.168.0.100', 'Windows 10', 'Microsoft Edge', '超级管理员', '2018-11-08 18:10:02', '2018-11-08 18:11:57', '2018-11-08 18:10:02', '2018-11-08 18:11:57', '1分55秒0毫秒', 'false', '1c2ee894-1346-454c-85cf-7b5880af7da7', 'Windows', 'Computer', 'admin');
INSERT INTO `t_sys_monitor_login_record` VALUES ('6B8BDD5A369E43ABB8F33E6AE2E7039B', '192.168.0.100', 'Windows 10', 'Chrome', '超级管理员', '2018-11-08 14:15:19', '2018-11-08 14:15:23', '2018-11-08 14:15:19', '2018-11-08 14:15:23', '4秒0毫秒', 'false', 'a5c5b8a5-7eaf-493a-9a9f-7ce8b239c80f', 'Windows', 'Computer', 'admin');
INSERT INTO `t_sys_monitor_login_record` VALUES ('6D38CD38F49C42789C0FAA19AC9F1F3E', '192.168.0.100', 'Windows 10', 'Chrome', '超级管理员', '2018-11-16 16:06:36', '2018-11-16 16:22:35', '2018-11-16 16:06:36', '2018-11-16 16:52:35', '45分59秒0毫秒', 'false', '59e4b9c7-7c02-4e5d-a519-6e37039e0a43', 'Windows', 'Computer', 'admin');

-- ----------------------------
-- Table structure for t_sys_organization
-- ----------------------------
DROP TABLE IF EXISTS `t_sys_organization`;
CREATE TABLE `t_sys_organization` (
  `o_id` int(11) NOT NULL AUTO_INCREMENT,
  `o_parent_id` int(11) DEFAULT 0,
  `o_type` varchar(100) NOT NULL,
  `o_name` varchar(100) NOT NULL,
  `o_full_name` varchar(100) NOT NULL,
  `o_update_time` varchar(32) DEFAULT NULL,
  `o_person_in_charge` varchar(10) DEFAULT NULL,
  `o_office_phone` varchar(30) DEFAULT NULL,
  `o_address` varchar(200) DEFAULT NULL,
  `o_postal_code` varchar(20) DEFAULT NULL,
  `o_mailbox` varchar(50) DEFAULT NULL,
  `o_description` varchar(1000) DEFAULT NULL,
  `o_status` int(11) DEFAULT 1,
  PRIMARY KEY (`o_id`)
) ENGINE=InnoDB AUTO_INCREMENT=100025 DEFAULT CHARSET=utf8;

-- ----------------------------
-- Records of t_sys_organization
-- ----------------------------
INSERT INTO `t_sys_organization` VALUES ('100001', '100017', '部门', '技术中心', '技术中心', '2018-11-27 12:45:32', '', '', '', '', '', '', '1');
INSERT INTO `t_sys_organization` VALUES ('100004', '100014', '部门', '董事会', '董事会', '2018-11-27 12:32:38', '', '', '', '', '', '', '1');
INSERT INTO `t_sys_organization` VALUES ('100005', '100022', '组', 'Web开发组', 'Web开发组', '2018-11-27 12:47:27', '', '', '', '', '', '', '1');
INSERT INTO `t_sys_organization` VALUES ('100013', '100022', '组', '后端开发组', '后端开发组', '2018-11-27 14:26:00', '张三', '938-236-5632', '广东省广州市天河区华南理工大学五山校区', '440153453', '1319404727@qq.com', '机构介绍', '1');
INSERT INTO `t_sys_organization` VALUES ('100014', '0', '公司', 'xx科技', '广州xx科技有限公司', '2018-11-27 12:29:53', '', '', '', '', '', '', '1');
INSERT INTO `t_sys_organization` VALUES ('100015', '100017', '部门', '财务部', '财务部', '2018-11-27 12:45:08', '', '', '', '', '', '', '1');
INSERT INTO `t_sys_organization` VALUES ('100016', '100004', '部门', '董事秘书会', '董事秘书会', '2018-11-27 12:40:21', '', '', '', '', '', '', '1');
INSERT INTO `t_sys_organization` VALUES ('100017', '100004', '部门', '总经办', '总经办', '2018-11-27 12:40:58', '', '', '', '', '', '', '1');
INSERT INTO `t_sys_organization` VALUES ('100018', '100017', '部门', '营销中心', '营销中心', '2018-11-27 12:43:03', '', '', '', '', '', '', '1');
INSERT INTO `t_sys_organization` VALUES ('100019', '100018', '部门', '信息资源部', '信息资源部', '2018-11-27 12:43:38', '', '', '', '', '', '', '1');
INSERT INTO `t_sys_organization` VALUES ('100020', '100018', '部门', '软件销售部', '软件销售部', '2018-11-27 12:44:02', '', '', '', '', '', '', '1');
INSERT INTO `t_sys_organization` VALUES ('100021', '100017', '部门', '人事行政部', '人事行政部', '2018-11-27 12:45:18', '', '', '', '', '', '', '1');
INSERT INTO `t_sys_organization` VALUES ('100022', '100001', '部门', '技术部', '技术部', '2018-11-27 12:47:07', '', '', '', '', '', '', '1');
INSERT INTO `t_sys_organization` VALUES ('100023', '100001', '部门', '研发部', '研发部', '2018-11-27 12:48:13', '', '', '', '', '', '', '1');
INSERT INTO `t_sys_organization` VALUES ('100024', '100022', '组', '测试组', '测试组', '2018-11-27 12:49:37', '', '', '', '', '', '', '1');

-- ----------------------------
-- Table structure for t_sys_role
-- ----------------------------
DROP TABLE IF EXISTS `t_sys_role`;
CREATE TABLE `t_sys_role` (
  `r_id` varchar(64) NOT NULL,
  `r_name` varchar(50) NOT NULL,
  `r_type` varchar(30) DEFAULT NULL,
  `r_update_time` varchar(32) NOT NULL,
  `r_description` varchar(1000) DEFAULT NULL,
  `r_status` int(11) DEFAULT 1,
  PRIMARY KEY (`r_id`)
) ENGINE=InnoDB DEFAULT CHARSET=utf8;

-- ----------------------------
-- Records of t_sys_role
-- ----------------------------
INSERT INTO `t_sys_role` VALUES ('A6995037BEE848A6B6507AF5BC5C7751', '普通员工', '底层', '2018-12-03 16:54:35', '普通员工', '1');
INSERT INTO `t_sys_role` VALUES ('AE17FE084EF74E169CCFDF7C12765A95', '系统架构师', '中层', '2018-12-03 17:07:30', '', '1');
INSERT INTO `t_sys_role` VALUES ('E6B44138D6794EE0B8C53654BB666A87', '总经理', '高管', '2018-11-29 14:58:49', '总经理', '1');
INSERT INTO `t_sys_role` VALUES ('F43533B34D2940D1852EF8EEF46795DC', '人事部经理', '中层', '2018-11-29 14:20:45', '人事部经理', '1');

-- ----------------------------
-- Table structure for t_sys_role_menu
-- ----------------------------
DROP TABLE IF EXISTS `t_sys_role_menu`;
CREATE TABLE `t_sys_role_menu` (
  `r_id` varchar(64) NOT NULL,
  `m_id` varchar(64) NOT NULL,
  PRIMARY KEY (`r_id`,`m_id`)
) ENGINE=InnoDB DEFAULT CHARSET=utf8;

-- ----------------------------
-- Records of t_sys_role_menu
-- ----------------------------
INSERT INTO `t_sys_role_menu` VALUES ('A6995037BEE848A6B6507AF5BC5C7751', '3804BFD84B0441EFA0B99C85622C7733');
INSERT INTO `t_sys_role_menu` VALUES ('A6995037BEE848A6B6507AF5BC5C7751', '444CB011FCB04E5B9C7D710117E2A1BA');
INSERT INTO `t_sys_role_menu` VALUES ('A6995037BEE848A6B6507AF5BC5C7751', '51646DCE7D7F42C4B58378C4E1CD02E9');
INSERT INTO `t_sys_role_menu` VALUES ('A6995037BEE848A6B6507AF5BC5C7751', '660A7FD98FCB4B0FAE515853747FDEBF');
INSERT INTO `t_sys_role_menu` VALUES ('A6995037BEE848A6B6507AF5BC5C7751', 'C2AA3AE6B81B486A8B8E0F56C7100F23');
INSERT INTO `t_sys_role_menu` VALUES ('AE17FE084EF74E169CCFDF7C12765A95', '08F63797F0CA46299268C2816FB74AEB');
INSERT INTO `t_sys_role_menu` VALUES ('AE17FE084EF74E169CCFDF7C12765A95', '0ADAE38220754050A2FD8BC4E77FAB6A');
INSERT INTO `t_sys_role_menu` VALUES ('AE17FE084EF74E169CCFDF7C12765A95', '0B3B79641F4B4ACC8BE801EC41FC3006');
INSERT INTO `t_sys_role_menu` VALUES ('AE17FE084EF74E169CCFDF7C12765A95', '18582F8EBAF24618BA8250CC5819E9CE');
INSERT INTO `t_sys_role_menu` VALUES ('AE17FE084EF74E169CCFDF7C12765A95', '242431D8DB5B492E964A0A4FCE91B38A');
INSERT INTO `t_sys_role_menu` VALUES ('AE17FE084EF74E169CCFDF7C12765A95', '3804BFD84B0441EFA0B99C85622C7733');
INSERT INTO `t_sys_role_menu` VALUES ('AE17FE084EF74E169CCFDF7C12765A95', '40B77FA0E56244569B50A2DD2EBCE34C');
INSERT INTO `t_sys_role_menu` VALUES ('AE17FE084EF74E169CCFDF7C12765A95', '40CBF110E96945EC8C6696D6BFB09E72');
INSERT INTO `t_sys_role_menu` VALUES ('AE17FE084EF74E169CCFDF7C12765A95', '444CB011FCB04E5B9C7D710117E2A1BA');
INSERT INTO `t_sys_role_menu` VALUES ('AE17FE084EF74E169CCFDF7C12765A95', '4F9BC8DFB3554E5587CB0ECB12087C46');
INSERT INTO `t_sys_role_menu` VALUES ('AE17FE084EF74E169CCFDF7C12765A95', '51646DCE7D7F42C4B58378C4E1CD02E9');
INSERT INTO `t_sys_role_menu` VALUES ('AE17FE084EF74E169CCFDF7C12765A95', '5DC2DBA1D08F4BED9795B8A855ABD961');
INSERT INTO `t_sys_role_menu` VALUES ('AE17FE084EF74E169CCFDF7C12765A95', '660A7FD98FCB4B0FAE515853747FDEBF');
INSERT INTO `t_sys_role_menu` VALUES ('AE17FE084EF74E169CCFDF7C12765A95', '8BCA0A7B231F4F16A77CEC686F787D2B');
INSERT INTO `t_sys_role_menu` VALUES ('AE17FE084EF74E169CCFDF7C12765A95', '939B2C62A4E74F67A8DA844A6DAD0138');
INSERT INTO `t_sys_role_menu` VALUES ('AE17FE084EF74E169CCFDF7C12765A95', '9D8431FE7288481CA792CA72F5ED9F9A');
INSERT INTO `t_sys_role_menu` VALUES ('AE17FE084EF74E169CCFDF7C12765A95', 'C2AA3AE6B81B486A8B8E0F56C7100F23');
INSERT INTO `t_sys_role_menu` VALUES ('AE17FE084EF74E169CCFDF7C12765A95', 'D53DE23EDD544D80B0763BA21BDA2C19');
INSERT INTO `t_sys_role_menu` VALUES ('AE17FE084EF74E169CCFDF7C12765A95', 'F4B43298787E4D8A9D189BA59E985B8B');
INSERT INTO `t_sys_role_menu` VALUES ('E6B44138D6794EE0B8C53654BB666A87', '08F63797F0CA46299268C2816FB74AEB');
INSERT INTO `t_sys_role_menu` VALUES ('E6B44138D6794EE0B8C53654BB666A87', '0ADAE38220754050A2FD8BC4E77FAB6A');
INSERT INTO `t_sys_role_menu` VALUES ('E6B44138D6794EE0B8C53654BB666A87', '0B3B79641F4B4ACC8BE801EC41FC3006');
INSERT INTO `t_sys_role_menu` VALUES ('E6B44138D6794EE0B8C53654BB666A87', '18582F8EBAF24618BA8250CC5819E9CE');
INSERT INTO `t_sys_role_menu` VALUES ('E6B44138D6794EE0B8C53654BB666A87', '242431D8DB5B492E964A0A4FCE91B38A');
INSERT INTO `t_sys_role_menu` VALUES ('E6B44138D6794EE0B8C53654BB666A87', '3804BFD84B0441EFA0B99C85622C7733');
INSERT INTO `t_sys_role_menu` VALUES ('E6B44138D6794EE0B8C53654BB666A87', '40B77FA0E56244569B50A2DD2EBCE34C');
INSERT INTO `t_sys_role_menu` VALUES ('E6B44138D6794EE0B8C53654BB666A87', '40CBF110E96945EC8C6696D6BFB09E72');
INSERT INTO `t_sys_role_menu` VALUES ('E6B44138D6794EE0B8C53654BB666A87', '444CB011FCB04E5B9C7D710117E2A1BA');
INSERT INTO `t_sys_role_menu` VALUES ('E6B44138D6794EE0B8C53654BB666A87', '4F9BC8DFB3554E5587CB0ECB12087C46');
INSERT INTO `t_sys_role_menu` VALUES ('E6B44138D6794EE0B8C53654BB666A87', '51646DCE7D7F42C4B58378C4E1CD02E9');
INSERT INTO `t_sys_role_menu` VALUES ('E6B44138D6794EE0B8C53654BB666A87', '5DC2DBA1D08F4BED9795B8A855ABD961');
INSERT INTO `t_sys_role_menu` VALUES ('E6B44138D6794EE0B8C53654BB666A87', '660A7FD98FCB4B0FAE515853747FDEBF');
INSERT INTO `t_sys_role_menu` VALUES ('E6B44138D6794EE0B8C53654BB666A87', '8BCA0A7B231F4F16A77CEC686F787D2B');
INSERT INTO `t_sys_role_menu` VALUES ('E6B44138D6794EE0B8C53654BB666A87', '939B2C62A4E74F67A8DA844A6DAD0138');
INSERT INTO `t_sys_role_menu` VALUES ('E6B44138D6794EE0B8C53654BB666A87', '9D8431FE7288481CA792CA72F5ED9F9A');
INSERT INTO `t_sys_role_menu` VALUES ('E6B44138D6794EE0B8C53654BB666A87', 'C2AA3AE6B81B486A8B8E0F56C7100F23');
INSERT INTO `t_sys_role_menu` VALUES ('E6B44138D6794EE0B8C53654BB666A87', 'D53DE23EDD544D80B0763BA21BDA2C19');
INSERT INTO `t_sys_role_menu` VALUES ('E6B44138D6794EE0B8C53654BB666A87', 'F4B43298787E4D8A9D189BA59E985B8B');
INSERT INTO `t_sys_role_menu` VALUES ('F43533B34D2940D1852EF8EEF46795DC', '3804BFD84B0441EFA0B99C85622C7733');
INSERT INTO `t_sys_role_menu` VALUES ('F43533B34D2940D1852EF8EEF46795DC', '444CB011FCB04E5B9C7D710117E2A1BA');
INSERT INTO `t_sys_role_menu` VALUES ('F43533B34D2940D1852EF8EEF46795DC', '51646DCE7D7F42C4B58378C4E1CD02E9');
INSERT INTO `t_sys_role_menu` VALUES ('F43533B34D2940D1852EF8EEF46795DC', '660A7FD98FCB4B0FAE515853747FDEBF');

-- ----------------------------
-- Table structure for t_sys_user
-- ----------------------------
DROP TABLE IF EXISTS `t_sys_user`;
CREATE TABLE `t_sys_user` (
  `user_id` varchar(64) NOT NULL,
  `user_type` varchar(30) DEFAULT NULL,
  `user_account` varchar(50) NOT NULL,
  `user_password` varchar(64) NOT NULL,
  `user_name` varchar(100) NOT NULL,
  `user_sex` varchar(5) NOT NULL,
  `user_mailbox` varchar(50) DEFAULT NULL,
  `user_phone` varchar(30) DEFAULT NULL,
  `user_office_phone` varchar(30) DEFAULT NULL,
  `user_status` int(11) DEFAULT 1,
  `user_head_img` varchar(500) DEFAULT NULL,
  `user_description` varchar(500) DEFAULT NULL,
  `user_organization_id` varchar(64) NOT NULL,
  `user_create_time` varchar(30) DEFAULT NULL,
  `user_update_time` varchar(30) DEFAULT NULL,
  PRIMARY KEY (`user_id`)
) ENGINE=InnoDB DEFAULT CHARSET=utf8;

-- ----------------------------
-- Records of t_sys_user
-- ----------------------------
INSERT INTO `t_sys_user` VALUES ('048C50FDCE9647D58AFF479C4163726A', '管理员', 'admin', '038bdaf98f2037b31f1e75b5b4c9b26e', '超级管理员', '男', '1319404727@qq.com', '13838384388', '938-236-5632', '1', '', '', '100001', '2018-10-31 20:24:04', '2018-12-03 17:07:42');
INSERT INTO `t_sys_user` VALUES ('63CE27AE402A41A488E421D59DFAE809', '正式', 'lisi', '8c702ae443795331c91cfab48f3f3833', '李四', '女', '', '', '', '1', null, '', '100021', '2018-12-04 16:45:30', '2018-12-04 16:45:30');
INSERT INTO `t_sys_user` VALUES ('D50F1B8D614D470E9A1B4B858E9278E6', '正式', 'zhansan', '37dfa02979b1e70c2a56174c323d11c8', '张三', '男', '', '', '', '2', null, '张三的描述', '100005', '2018-11-30 16:03:40', '2018-12-03 17:17:35');

-- ----------------------------
-- Table structure for t_sys_user_role
-- ----------------------------
DROP TABLE IF EXISTS `t_sys_user_role`;
CREATE TABLE `t_sys_user_role` (
  `u_id` varchar(64) NOT NULL,
  `r_id` varchar(64) NOT NULL,
  PRIMARY KEY (`u_id`,`r_id`)
) ENGINE=InnoDB DEFAULT CHARSET=utf8;

-- ----------------------------
-- Records of t_sys_user_role
-- ----------------------------
INSERT INTO `t_sys_user_role` VALUES ('048C50FDCE9647D58AFF479C4163726A', 'AE17FE084EF74E169CCFDF7C12765A95');
INSERT INTO `t_sys_user_role` VALUES ('63CE27AE402A41A488E421D59DFAE809', 'F43533B34D2940D1852EF8EEF46795DC');
INSERT INTO `t_sys_user_role` VALUES ('D50F1B8D614D470E9A1B4B858E9278E6', 'A6995037BEE848A6B6507AF5BC5C7751');
